mean_fit_time,std_fit_time,mean_score_time,std_score_time,param_smote__k_neighbors,param_pca__n_components,param_clf__n_estimators,param_clf__max_depth,param_clf__learning_rate,param_clf__lambda,param_clf__alpha,params,split0_test_recall,split1_test_recall,split2_test_recall,split3_test_recall,mean_test_recall,std_test_recall,rank_test_recall,split0_test_f2,split1_test_f2,split2_test_f2,split3_test_f2,mean_test_f2,std_test_f2,rank_test_f2
2293.9486882686615,10.70922499094317,25.71174043416977,6.425344880674053,3,,70,5,0.007,1.1,0.0,"{'smote__k_neighbors': 3, 'pca__n_components': None, 'clf__n_estimators': 70, 'clf__max_depth': 5, 'clf__learning_rate': 0.007, 'clf__lambda': 1.1, 'clf__alpha': 0}",0.9941438426172735,0.994676949346844,0.9947771573787182,0.9954545636741876,0.9947631282542557,0.00046616018183793476,90,0.9292041034540377,0.928120958337354,0.9338770017858876,0.9285478734183462,0.9299374842489063,0.002306969357307133,94
2286.6677921414375,24.777779863399864,29.645593523979187,8.175406071217038,9,,70,5,0.007,1.1,0.0,"{'smote__k_neighbors': 9, 'pca__n_components': None, 'clf__n_estimators': 70, 'clf__max_depth': 5, 'clf__learning_rate': 0.007, 'clf__lambda': 1.1, 'clf__alpha': 0}",0.9954305137465378,0.9936067275664279,0.9948653404467674,0.9949535235148168,0.9947140263186376,0.000674484920760585,94,0.928901922206554,0.93365514051569,0.9294849709545309,0.9283193075546228,0.9300903353078495,0.0020989978068202964,89
1658.7658247351646,509.9225781628384,8.7003333568573,3.619347090046277,3,0.95,70,5,0.007,1.1,0.0,"{'smote__k_neighbors': 3, 'pca__n_components': 0.95, 'clf__n_estimators': 70, 'clf__max_depth': 5, 'clf__learning_rate': 0.007, 'clf__lambda': 1.1, 'clf__alpha': 0}",0.9866562984756354,0.992993454411358,0.986347657737463,0.9897346892148099,0.9889330249598166,0.0026924598449592084,137,0.8382707413706322,0.8230682234992053,0.8307557370507437,0.8306074750636109,0.830675544246048,0.005375160755878797,145
1053.4319159388542,19.149452848747565,7.093871593475342,2.4677066971261885,9,0.95,70,5,0.007,1.1,0.0,"{'smote__k_neighbors': 9, 'pca__n_components': 0.95, 'clf__n_estimators': 70, 'clf__max_depth': 5, 'clf__learning_rate': 0.007, 'clf__lambda': 1.1, 'clf__alpha': 0}",0.9866603067969104,0.9938672684493007,0.9864719156969869,0.9867765481138844,0.9884440097642706,0.003133006320064191,142,0.8383289615200968,0.8216250714093523,0.8308581498749186,0.8304592350310753,0.8303178544588607,0.005917225301930409,150
1167.3133588433266,2.762367696604321,49.723031520843506,1.9638134349285092,3,,102,5,0.007,1.1,0.0,"{'smote__k_neighbors': 3, 'pca__n_components': None, 'clf__n_estimators': 102, 'clf__max_depth': 5, 'clf__learning_rate': 0.007, 'clf__lambda': 1.1, 'clf__alpha': 0}",0.9965969352375531,0.9954946468869372,0.9966811099843275,0.9966811099843275,0.9963634505232863,0.0005027797571271999,73,0.9305452008611114,0.9363736310139621,0.9405620381410043,0.9370692039775121,0.9361375184983975,0.0035977137732216093,76
1283.8259029388428,11.995583104960449,14.447334885597229,0.43175601642254346,9,,102,5,0.007,1.1,0.0,"{'smote__k_neighbors': 9, 'pca__n_components': None, 'clf__n_estimators': 102, 'clf__max_depth': 5, 'clf__learning_rate': 0.007, 'clf__lambda': 1.1, 'clf__alpha': 0}",0.9969616924735751,0.9946168245277196,0.9953984471763381,0.9966450350928527,0.9959054998176213,0.0009460763359314586,86,0.9324030907784977,0.9394540567144967,0.9353479122253275,0.9355023917684337,0.9356768628716889,0.0025061636886841115,80
1066.274723470211,74.51635276990127,6.218956112861633,0.13041982685169118,3,0.95,102,5,0.007,1.1,0.0,"{'smote__k_neighbors': 3, 'pca__n_components': 0.95, 'clf__n_estimators': 102, 'clf__max_depth': 5, 'clf__learning_rate': 0.007, 'clf__lambda': 1.1, 'clf__alpha': 0}",0.9864879489820868,0.992993454411358,0.9930134960177328,0.9898789887807088,0.9905934720479717,0.0026917576665858693,129,0.8381625335796293,0.8230682234992053,0.8245828457158225,0.830633573531232,0.8291117940814723,0.005942806930205119,158
1064.3438955545425,80.99857686974259,7.1066343784332275,2.052338017310392,9,0.95,102,5,0.007,1.1,0.0,"{'smote__k_neighbors': 9, 'pca__n_components': 0.95, 'clf__n_estimators': 102, 'clf__max_depth': 5, 'clf__learning_rate': 0.007, 'clf__lambda': 1.1, 'clf__alpha': 0}",0.9864919573033618,0.9939113599833254,0.9929573795198833,0.9927689884199599,0.9915324213066325,0.0029421603767897484,121,0.8382207490722424,0.8216511755057408,0.8246987494556917,0.8241790055425112,0.8271874198940465,0.006473569188298291,164
1462.9035557508469,17.10277009960034,39.759701669216156,3.211315624334143,3,,150,5,0.007,1.1,0.0,"{'smote__k_neighbors': 3, 'pca__n_components': None, 'clf__n_estimators': 150, 'clf__max_depth': 5, 'clf__learning_rate': 0.007, 'clf__lambda': 1.1, 'clf__alpha': 0}",0.9971741335011484,0.9960558118654327,0.9969657007948501,0.9980840224305658,0.9970699171479992,0.0007208573272129236,58,0.9360793305935572,0.9406358851055229,0.941751101821982,0.9396460180998548,0.9395280839052291,0.002125843364209046,58
1376.5628759264946,2.7178624018916917,47.920275807380676,3.975509970242663,9,,150,5,0.007,1.1,0.0,"{'smote__k_neighbors': 9, 'pca__n_components': None, 'clf__n_estimators': 150, 'clf__max_depth': 5, 'clf__learning_rate': 0.007, 'clf__lambda': 1.1, 'clf__alpha': 0}",0.9971581002160486,0.9949936067275664,0.9964085441376297,0.997342482994697,0.9964756835189854,0.0009244042935474749,67,0.9369216550429609,0.9396534102523337,0.9389856680836661,0.9381640763447429,0.9384312024309259,0.0010187386540730914,71
889.8849029541016,193.9606272337283,37.47024047374725,54.673165926178825,3,0.95,150,5,0.007,1.1,0.0,"{'smote__k_neighbors': 3, 'pca__n_components': 0.95, 'clf__n_estimators': 150, 'clf__max_depth': 5, 'clf__learning_rate': 0.007, 'clf__lambda': 1.1, 'clf__alpha': 0}",0.9940436345853992,0.9929653961624332,0.993225937045306,0.9927008469582854,0.9932339536878559,0.0005029844311653358,117,0.8156018572418026,0.8230504357024864,0.824658243620481,0.8242754889372151,0.8218965063754963,0.003682421460374177,177
1159.4919046759605,115.5154123148907,50.14953035116196,76.88258642915834,9,0.95,150,5,0.007,1.1,0.0,"{'smote__k_neighbors': 9, 'pca__n_components': 0.95, 'clf__n_estimators': 150, 'clf__max_depth': 5, 'clf__learning_rate': 0.007, 'clf__lambda': 1.1, 'clf__alpha': 0}",0.9939995430513746,0.9938833017344006,0.9933862698963047,0.9927890300263347,0.9935145361771036,0.0004780248732891041,101,0.8157024967369795,0.8216334253420504,0.8246256042505165,0.8241813823294916,0.8215357271647594,0.003556084708397144,185
1068.1703919768333,183.18023640874014,14.243047773838043,0.051618695081488475,3,,70,8,0.007,1.1,0.0,"{'smote__k_neighbors': 3, 'pca__n_components': None, 'clf__n_estimators': 70, 'clf__max_depth': 8, 'clf__learning_rate': 0.007, 'clf__lambda': 1.1, 'clf__alpha': 0}",0.9988496117940845,0.9988656450791844,0.9991502358897071,0.9981281139645904,0.9987484016818916,0.00037756359855798766,42,0.9656833149001702,0.9598722419821906,0.95990465224641,0.961227275394274,0.9616718711307612,0.002379657230654543,42
1102.017126262188,315.09230090394425,112.27780544757843,159.79081227390324,9,,70,8,0.007,1.1,0.0,"{'smote__k_neighbors': 9, 'pca__n_components': None, 'clf__n_estimators': 70, 'clf__max_depth': 8, 'clf__learning_rate': 0.007, 'clf__lambda': 1.1, 'clf__alpha': 0}",0.9992945354556059,0.9990580445003828,0.999038002894008,0.9974867825605958,0.9987193413526482,0.0007187340315043916,47,0.9657422120437609,0.9575115441057832,0.9616907229860292,0.956480362584212,0.9603562104299463,0.0036709760338861854,47
1307.3624790906906,17.04886147700256,6.0152751207351685,0.20157687831573773,3,0.95,70,8,0.007,1.1,0.0,"{'smote__k_neighbors': 3, 'pca__n_components': 0.95, 'clf__n_estimators': 70, 'clf__max_depth': 8, 'clf__learning_rate': 0.007, 'clf__lambda': 1.1, 'clf__alpha': 0}",0.9840909728596566,0.9797459525975926,0.9786637058533516,0.9833213751748631,0.981455501621366,0.002299123432989447,191,0.8632684735698046,0.8687079201164589,0.868578722350646,0.8664595527412927,0.8667536671945506,0.0022013069253947128,100
1051.2796741724014,232.826227063313,5.8755844831466675,0.29083582420374376,9,0.95,70,8,0.007,1.1,0.0,"{'smote__k_neighbors': 9, 'pca__n_components': 0.95, 'clf__n_estimators': 70, 'clf__max_depth': 8, 'clf__learning_rate': 0.007, 'clf__lambda': 1.1, 'clf__alpha': 0}",0.9837262156236347,0.9817420965925261,0.9782668820471299,0.9827521935538177,0.9816218469542772,0.0020601153144518066,185,0.8634148194899744,0.8679292888129447,0.8689901073014553,0.8643796391420016,0.866178463686594,0.0023368904246770217,114
1377.2254732847214,5.92551719830071,18.434076011180878,0.8756925197549233,3,,102,8,0.007,1.1,0.0,"{'smote__k_neighbors': 3, 'pca__n_components': None, 'clf__n_estimators': 102, 'clf__max_depth': 8, 'clf__learning_rate': 0.007, 'clf__lambda': 1.1, 'clf__alpha': 0}",0.9991662691748069,0.9993105687407057,0.9993105687407057,0.9989257698983088,0.9991782941386318,0.0001572468063374295,34,0.9685499939386215,0.9623905334763163,0.9626618086113612,0.9649761362853144,0.9646446180779034,0.002468516543748804,26
1358.185026228428,35.237161013518154,18.236632645130157,1.135313859850885,9,,102,8,0.007,1.1,0.0,"{'smote__k_neighbors': 9, 'pca__n_components': None, 'clf__n_estimators': 102, 'clf__max_depth': 8, 'clf__learning_rate': 0.007, 'clf__lambda': 1.1, 'clf__alpha': 0}",0.9993787102023801,0.9994909431980792,0.9992504439215812,0.999278502170506,0.9993496498731366,9.448825697235432e-05,23,0.9674515412810004,0.9607299504057849,0.9642465931454458,0.9620150294468802,0.9636107785697778,0.0025495737169296093,33
758.5150750875473,173.15002930904424,5.6297255754470825,0.2250577595220901,3,0.95,102,8,0.007,1.1,0.0,"{'smote__k_neighbors': 3, 'pca__n_components': 0.95, 'clf__n_estimators': 102, 'clf__max_depth': 8, 'clf__learning_rate': 0.007, 'clf__lambda': 1.1, 'clf__alpha': 0}",0.98549789362717,0.983209142179164,0.9835217912386114,0.9844316801680288,0.9841651268032435,0.0008909412653809532,169,0.8640888412789456,0.8675747082936905,0.8653860396941223,0.8672541184480199,0.8660759269286945,0.0014194131368397882,117
677.3004698753357,16.19077963558818,7.960959017276764,2.378414366828024,9,0.95,102,8,0.007,1.1,0.0,"{'smote__k_neighbors': 9, 'pca__n_components': 0.95, 'clf__n_estimators': 102, 'clf__max_depth': 8, 'clf__learning_rate': 0.007, 'clf__lambda': 1.1, 'clf__alpha': 0}",0.9850409450018238,0.9818062297329255,0.9812049815416806,0.9839065900810082,0.9829896865893595,0.001551943565819527,181,0.8642634827410364,0.8679263200564675,0.8682192977976019,0.866193858099558,0.866650739673666,0.001580760603024774,101
926.0997456908226,1.473536741123914,25.085602402687073,0.47949307163859695,3,,150,8,0.007,1.1,0.0,"{'smote__k_neighbors': 3, 'pca__n_components': None, 'clf__n_estimators': 150, 'clf__max_depth': 8, 'clf__learning_rate': 0.007, 'clf__lambda': 1.1, 'clf__alpha': 0}",0.9992504439215812,0.9994588766278795,0.9993426353109054,0.999278502170506,0.999332614507718,8.019147359413771e-05,28,0.9738845764691635,0.9713381503025279,0.9722879772875288,0.9723408553913022,0.9724628898626306,0.0009126498104936177,10
799.1180068254471,27.724882482128287,23.246426582336426,2.2386099206247043,9,,150,8,0.007,1.1,0.0,"{'smote__k_neighbors': 9, 'pca__n_components': None, 'clf__n_estimators': 150, 'clf__max_depth': 8, 'clf__learning_rate': 0.007, 'clf__lambda': 1.1, 'clf__alpha': 0}",0.999274493849231,0.9996192094788782,0.999278502170506,0.9993506519534554,0.9993807143630176,0.00014099095592020117,10,0.9736699036406584,0.9706182726228247,0.9735772278349026,0.9711323404881856,0.9722494361466428,0.0013864843869068,12
723.4393292665482,34.21158130671158,5.995497167110443,0.1805694240627467,3,0.95,150,8,0.007,1.1,0.0,"{'smote__k_neighbors': 3, 'pca__n_components': 0.95, 'clf__n_estimators': 150, 'clf__max_depth': 8, 'clf__learning_rate': 0.007, 'clf__lambda': 1.1, 'clf__alpha': 0}",0.9858225676504423,0.9846120546254024,0.9844156468829289,0.9844477134531286,0.9848244956529755,0.0005810337867141885,154,0.8635577128346873,0.8675073739645371,0.8659221028685545,0.866559546794025,0.8658866841154509,0.0014581444960841683,132
716.7315126657486,40.35536817609745,5.764008820056915,0.17345338150821807,9,0.95,150,8,0.007,1.1,0.0,"{'smote__k_neighbors': 9, 'pca__n_components': 0.95, 'clf__n_estimators': 150, 'clf__max_depth': 8, 'clf__learning_rate': 0.007, 'clf__lambda': 1.1, 'clf__alpha': 0}",0.9856341765505189,0.9832692669982884,0.9847202792998264,0.9850529699656487,0.9846691732035706,0.0008719060486751257,161,0.8637444886879354,0.8688065212817877,0.8653010303207055,0.8669094110849208,0.8661903628438374,0.0018797957381503695,109
764.604598402977,12.03398187985925,19.526828110218048,4.7127403976812605,3,,70,5,0.01,1.1,0.0,"{'smote__k_neighbors': 3, 'pca__n_components': None, 'clf__n_estimators': 70, 'clf__max_depth': 5, 'clf__learning_rate': 0.01, 'clf__lambda': 1.1, 'clf__alpha': 0}",0.9965488353822536,0.9954585719954626,0.9967171848758022,0.9966811099843275,0.9963514255594614,0.0005192855241506158,77,0.9310508569023291,0.9355312624782455,0.938622026676491,0.9349741150848442,0.9350445652854774,0.002692107633529864,87
784.4850836396217,0.3507435194405906,23.669862866401672,1.0875756596258523,9,,70,5,0.01,1.1,0.0,"{'smote__k_neighbors': 9, 'pca__n_components': None, 'clf__n_estimators': 70, 'clf__max_depth': 5, 'clf__learning_rate': 0.01, 'clf__lambda': 1.1, 'clf__alpha': 0}",0.996969709116125,0.994564716351145,0.9954184887827129,0.9967171848758022,0.9959175247814462,0.0009779667322786121,81,0.9321876360943353,0.9394147971129062,0.9353575848792809,0.9346024119208395,0.9353906075018404,0.0026017047598937528,83
668.2734122872353,12.571705836429194,5.558412432670593,0.07677618490272416,3,0.95,70,5,0.01,1.1,0.0,"{'smote__k_neighbors': 3, 'pca__n_components': 0.95, 'clf__n_estimators': 70, 'clf__max_depth': 5, 'clf__learning_rate': 0.01, 'clf__lambda': 1.1, 'clf__alpha': 0}",0.9864879489820868,0.992993454411358,0.9930134960177328,0.9898789887807088,0.9905934720479717,0.0026917576665858693,129,0.8381625335796293,0.8230687704120111,0.8245828457158225,0.830633573531232,0.8291119308096737,0.0059426678867917256,153
672.4023840427399,5.530856575319201,5.716302692890167,0.09569795013078754,9,0.95,70,5,0.01,1.1,0.0,"{'smote__k_neighbors': 9, 'pca__n_components': 0.95, 'clf__n_estimators': 70, 'clf__max_depth': 5, 'clf__learning_rate': 0.01, 'clf__lambda': 1.1, 'clf__alpha': 0}",0.9864919573033618,0.9939113599833254,0.9929573795198833,0.9927689884199599,0.9915324213066325,0.0029421603767897484,121,0.8382207490722424,0.8216517200336133,0.8246987494556917,0.8241790055425112,0.8271875560260147,0.006473452770476637,161
793.885975420475,9.707510139499027,19.475296080112457,4.7097316066824675,3,,102,5,0.01,1.1,0.0,"{'smote__k_neighbors': 3, 'pca__n_components': None, 'clf__n_estimators': 102, 'clf__max_depth': 5, 'clf__learning_rate': 0.01, 'clf__lambda': 1.1, 'clf__alpha': 0}",0.9971581002160486,0.9958794457293341,0.9969456591884752,0.9980238976114414,0.9970017756863249,0.0007635352287365531,63,0.9353230987643923,0.9401355262122285,0.941640183876505,0.9391187850159205,0.9390543984672616,0.0023335523608799718,64
782.2236431837082,9.28832839827296,17.892048597335815,2.2973516399255636,9,,102,5,0.01,1.1,0.0,"{'smote__k_neighbors': 9, 'pca__n_components': None, 'clf__n_estimators': 102, 'clf__max_depth': 5, 'clf__learning_rate': 0.01, 'clf__lambda': 1.1, 'clf__alpha': 0}",0.9971741335011484,0.9949775734424665,0.9965087521695039,0.9971901667862483,0.9964626564748418,0.0009004259045418643,72,0.9373229162898928,0.9395913200942362,0.9386645523022031,0.9384312453319854,0.9385025085045794,0.000807509303791071,67
677.8057456612587,15.897846907210521,7.282960593700409,2.9542732408756636,3,0.95,102,5,0.01,1.1,0.0,"{'smote__k_neighbors': 3, 'pca__n_components': 0.95, 'clf__n_estimators': 102, 'clf__max_depth': 5, 'clf__learning_rate': 0.01, 'clf__lambda': 1.1, 'clf__alpha': 0}",0.9940436345853992,0.9929653961624332,0.9932940785069805,0.9927008469582854,0.9932509890532746,0.0005035780139650821,113,0.8156018572418026,0.8230504357024864,0.8245446850194583,0.824274940257873,0.821867979555405,0.0036613079409315887,181
684.755762398243,3.351176938712719,6.839338302612305,1.0147863773528645,9,0.95,102,5,0.01,1.1,0.0,"{'smote__k_neighbors': 9, 'pca__n_components': 0.95, 'clf__n_estimators': 102, 'clf__max_depth': 5, 'clf__learning_rate': 0.01, 'clf__lambda': 1.1, 'clf__alpha': 0}",0.9939995430513746,0.9938833017344006,0.9933862698963047,0.9927890300263347,0.9935145361771036,0.0004780248732891041,101,0.8157024967369795,0.8216334253420504,0.8246256042505165,0.8241813823294916,0.8215357271647594,0.003556084708397144,185
821.535434961319,13.122548648144706,22.059038639068604,4.2566373422013,3,,150,5,0.01,1.1,0.0,"{'smote__k_neighbors': 3, 'pca__n_components': None, 'clf__n_estimators': 150, 'clf__max_depth': 5, 'clf__learning_rate': 0.01, 'clf__lambda': 1.1, 'clf__alpha': 0}",0.997226241677723,0.9969536758310252,0.9981040640369407,0.9979597644710418,0.9975609365041826,0.00048343495322829717,56,0.9381106189918484,0.9419137829698795,0.946309132919859,0.9426558472438035,0.9422473455313476,0.0029107027022507452,52
854.1183696985245,45.338859414966194,18.150310516357422,2.5152090537520726,9,,150,5,0.01,1.1,0.0,"{'smote__k_neighbors': 9, 'pca__n_components': None, 'clf__n_estimators': 150, 'clf__max_depth': 5, 'clf__learning_rate': 0.01, 'clf__lambda': 1.1, 'clf__alpha': 0}",0.9974907908818708,0.9976350904477695,0.9977793900136683,0.9983004717794141,0.9978014357806807,0.00030565256698289104,50,0.9390620059033116,0.9433621140565659,0.9433498209004546,0.9413531367854818,0.9417817694114535,0.0017703893736803968,55
698.6939784884453,15.34663286087719,5.6758769154548645,0.11713468349330595,3,0.95,150,5,0.01,1.1,0.0,"{'smote__k_neighbors': 3, 'pca__n_components': 0.95, 'clf__n_estimators': 150, 'clf__max_depth': 5, 'clf__learning_rate': 0.01, 'clf__lambda': 1.1, 'clf__alpha': 0}",0.9940155763364745,0.993221928724031,0.9930455625879325,0.992756963456135,0.9932600077761432,0.00046673712896291587,109,0.8168850402664756,0.8230716493187961,0.8246621743072726,0.8242321057630422,0.8222127424138966,0.0031304822383731354,169
708.2873265743256,20.201845406845315,5.885360062122345,0.2653353423686977,9,0.95,150,5,0.01,1.1,0.0,"{'smote__k_neighbors': 9, 'pca__n_components': 0.95, 'clf__n_estimators': 150, 'clf__max_depth': 5, 'clf__learning_rate': 0.01, 'clf__lambda': 1.1, 'clf__alpha': 0}",0.9939995430513746,0.9940556595492241,0.9931537872623567,0.9930295293028327,0.993559629791447,0.00047044762814475315,97,0.8171054938073905,0.8215880630242636,0.8247460084667173,0.8242060585010577,0.8219114059498572,0.0030208336567891614,173
760.023296058178,15.264532714098554,17.38592356443405,3.249043336426143,3,,70,8,0.01,1.1,0.0,"{'smote__k_neighbors': 3, 'pca__n_components': None, 'clf__n_estimators': 70, 'clf__max_depth': 8, 'clf__learning_rate': 0.01, 'clf__lambda': 1.1, 'clf__alpha': 0}",0.9991622608535319,0.9991342026046072,0.9992624688854062,0.9989217615770339,0.9991201734801448,0.0001240800437080536,40,0.9684618181931205,0.9618226648505358,0.9624177707773557,0.9646741865308239,0.9643441100879591,0.002604464422983486,29
771.3895382285118,12.78060307293472,20.406326234340668,3.835953994243628,9,,70,8,0.01,1.1,0.0,"{'smote__k_neighbors': 9, 'pca__n_components': None, 'clf__n_estimators': 70, 'clf__max_depth': 8, 'clf__learning_rate': 0.01, 'clf__lambda': 1.1, 'clf__alpha': 0}",0.9993987518087549,0.9994869348768043,0.9992584605641311,0.9993306103470806,0.9993686893991927,8.438920507544742e-05,14,0.9677638468507143,0.9600543645660076,0.962501602264637,0.9612031907223848,0.9628807511009358,0.0029491968232926986,39
667.1222289800644,8.768976973089403,5.588893711566925,0.23505511494392847,3,0.95,70,8,0.01,1.1,0.0,"{'smote__k_neighbors': 3, 'pca__n_components': 0.95, 'clf__n_estimators': 70, 'clf__max_depth': 8, 'clf__learning_rate': 0.01, 'clf__lambda': 1.1, 'clf__alpha': 0}",0.9854698353782453,0.983209142179164,0.9835217912386114,0.984411638561654,0.9841531018394187,0.0008789541176726513,173,0.8640861049488414,0.8675740945881134,0.8653860396941223,0.8669982737134929,0.8660111282361425,0.0013705628727700742,121
671.6064169406891,16.509062496317267,5.6097798347473145,0.12289398725008305,9,0.95,70,8,0.01,1.1,0.0,"{'smote__k_neighbors': 9, 'pca__n_components': 0.95, 'clf__n_estimators': 70, 'clf__max_depth': 8, 'clf__learning_rate': 0.01, 'clf__lambda': 1.1, 'clf__alpha': 0}",0.9854257438442205,0.9817420965925261,0.9812049815416806,0.9838785318320834,0.9830628384526278,0.0016914985176970372,178,0.8637050309162451,0.8679237527179536,0.8682186819243589,0.866193609493515,0.8665102687630182,0.0017948708094618385,106
809.2104410529137,41.127623313854286,27.92216658592224,6.1602258885231524,3,,102,8,0.01,1.1,0.0,"{'smote__k_neighbors': 3, 'pca__n_components': None, 'clf__n_estimators': 102, 'clf__max_depth': 8, 'clf__learning_rate': 0.01, 'clf__lambda': 1.1, 'clf__alpha': 0}",0.9992344106364813,0.9994588766278795,0.9993346186683555,0.9993386269896305,0.9993416332305867,7.95313467499087e-05,26,0.9734582388016573,0.9706681075424867,0.9720830490301199,0.9717997371280853,0.9720022831255872,0.000993400653017366,19
888.1496477723122,20.41867572855578,21.961856365203857,4.139548085306886,9,,102,8,0.01,1.1,0.0,"{'smote__k_neighbors': 9, 'pca__n_components': None, 'clf__n_estimators': 102, 'clf__max_depth': 8, 'clf__learning_rate': 0.01, 'clf__lambda': 1.1, 'clf__alpha': 0}",0.9993306103470806,0.9995751179448535,0.9992544522428561,0.9993546602747303,0.9993787102023801,0.00011927702723949617,12,0.9736424445215087,0.9695354938439599,0.9716792497690607,0.9710023461086688,0.9714648835607995,0.0014768386999702487,23
941.3450022339821,12.916725442029646,7.489914894104004,1.1047790067334708,3,0.95,102,8,0.01,1.1,0.0,"{'smote__k_neighbors': 3, 'pca__n_components': 0.95, 'clf__n_estimators': 102, 'clf__max_depth': 8, 'clf__learning_rate': 0.01, 'clf__lambda': 1.1, 'clf__alpha': 0}",0.9858225676504423,0.9846120546254024,0.9844156468829289,0.9844477134531286,0.9848244956529755,0.0005810337867141885,154,0.8635577128346873,0.8669642170174048,0.8659221028685545,0.866559546794025,0.8657508948786679,0.0013196048827584478,133
905.19893181324,28.159004659458308,5.575571954250336,0.09691782824657413,9,0.95,102,8,0.01,1.1,0.0,"{'smote__k_neighbors': 9, 'pca__n_components': 0.95, 'clf__n_estimators': 102, 'clf__max_depth': 8, 'clf__learning_rate': 0.01, 'clf__lambda': 1.1, 'clf__alpha': 0}",0.9856341765505189,0.9818382963031252,0.9847202792998264,0.9850529699656487,0.9843114305297798,0.0014648453834917809,165,0.8637444886879354,0.8680346377536773,0.8653010303207055,0.8669094110849208,0.8659973919618098,0.0016234717424425194,125
963.4799860715866,42.26462354134979,30.88913494348526,6.73534346553137,3,,150,8,0.01,1.1,0.0,"{'smote__k_neighbors': 3, 'pca__n_components': None, 'clf__n_estimators': 150, 'clf__max_depth': 8, 'clf__learning_rate': 0.01, 'clf__lambda': 1.1, 'clf__alpha': 0}",0.9994628849491545,0.9995630929810286,0.9994668932704294,0.999514993125729,0.9995019660815854,4.0815556804767523e-05,3,0.9765262739053061,0.9766792623089504,0.975075257565057,0.9761803537831686,0.9761152868906204,0.0006270712274651451,6
1007.7853439450264,54.989110125942545,28.112536132335663,5.665213150051993,9,,150,8,0.01,1.1,0.0,"{'smote__k_neighbors': 9, 'pca__n_components': None, 'clf__n_estimators': 150, 'clf__max_depth': 8, 'clf__learning_rate': 0.01, 'clf__lambda': 1.1, 'clf__alpha': 0}",0.9994388350215047,0.9995991678725034,0.9994067684513049,0.9996031761937783,0.9995119868847728,8.991402635239902e-05,1,0.9776606189499307,0.9767795466990248,0.9775640899977025,0.9762175611276087,0.9770554541935665,0.0005922677813115617,3
977.3017212748528,4.594235131621866,8.535375714302063,0.2302493491047677,3,0.95,150,8,0.01,1.1,0.0,"{'smote__k_neighbors': 3, 'pca__n_components': 0.95, 'clf__n_estimators': 150, 'clf__max_depth': 8, 'clf__learning_rate': 0.01, 'clf__lambda': 1.1, 'clf__alpha': 0}",0.985858642541917,0.9846240795892273,0.9853215274910715,0.9852974775634217,0.9852754317964094,0.00043789419395161354,150,0.8635347368805412,0.870310008857396,0.8622347903437168,0.8629523063269524,0.8647579606021516,0.003238375040675017,141
1000.996041238308,54.944569153982066,5.763589799404144,0.27437470075731224,9,0.95,150,8,0.01,1.1,0.0,"{'smote__k_neighbors': 9, 'pca__n_components': 0.95, 'clf__n_estimators': 150, 'clf__max_depth': 8, 'clf__learning_rate': 0.01, 'clf__lambda': 1.1, 'clf__alpha': 0}",0.9856301682292439,0.98427936395958,0.9856582264781687,0.985622151586694,0.9852974775634217,0.0005879607534375883,145,0.8638059085425787,0.8697483188315658,0.861582910664157,0.8643508949536705,0.864872008247993,0.0030001956382402664,139
948.1160209774971,13.203318921609354,18.97800648212433,3.288723870204603,3,,70,5,0.007,1.0,0.0,"{'smote__k_neighbors': 3, 'pca__n_components': None, 'clf__n_estimators': 70, 'clf__max_depth': 5, 'clf__learning_rate': 0.007, 'clf__lambda': 1, 'clf__alpha': 0}",0.9941598759023733,0.994676949346844,0.9947771573787182,0.9954545636741876,0.9947671365755308,0.0004608567276947691,89,0.9292121268431649,0.928121652593847,0.9338784074343612,0.9285478734183462,0.9299400150724298,0.00230679735560877,93
837.1024572849274,64.53193047385967,14.337244153022766,0.6700880180549865,9,,70,5,0.007,1.0,0.0,"{'smote__k_neighbors': 9, 'pca__n_components': None, 'clf__n_estimators': 70, 'clf__max_depth': 5, 'clf__learning_rate': 0.007, 'clf__lambda': 1, 'clf__alpha': 0}",0.9954305137465378,0.9936067275664279,0.9948653404467674,0.9949775734424665,0.9947200388005499,0.0006766966109490016,93,0.928901922206554,0.93365514051569,0.9294856671212982,0.9283174442660986,0.9300900435274102,0.002099340836452115,92
671.3465015888214,13.457838490325665,5.533369421958923,0.09475814459176993,3,0.95,70,5,0.007,1.0,0.0,"{'smote__k_neighbors': 3, 'pca__n_components': 0.95, 'clf__n_estimators': 70, 'clf__max_depth': 5, 'clf__learning_rate': 0.007, 'clf__lambda': 1, 'clf__alpha': 0}",0.9866562984756354,0.992993454411358,0.986347657737463,0.9897346892148099,0.9889330249598166,0.0026924598449592084,137,0.8382707413706322,0.8230682234992053,0.8307557370507437,0.8306074750636109,0.830675544246048,0.005375160755878797,145
652.5885664224625,8.384804555921152,5.574779748916626,0.14356130985685364,9,0.95,70,5,0.007,1.0,0.0,"{'smote__k_neighbors': 9, 'pca__n_components': 0.95, 'clf__n_estimators': 70, 'clf__max_depth': 5, 'clf__learning_rate': 0.007, 'clf__lambda': 1, 'clf__alpha': 0}",0.9866603067969104,0.9939113599833254,0.9864719156969869,0.9867765481138844,0.9884550326477768,0.00315208708808342,141,0.8383289615200968,0.8216511755057408,0.8308581498749186,0.8304592350310753,0.830324380482958,0.005907641188957927,149
794.543408870697,5.920285567784077,18.624389708042145,2.773900959628015,3,,102,5,0.007,1.0,0.0,"{'smote__k_neighbors': 3, 'pca__n_components': None, 'clf__n_estimators': 102, 'clf__max_depth': 5, 'clf__learning_rate': 0.007, 'clf__lambda': 1, 'clf__alpha': 0}",0.9965969352375531,0.9954946468869372,0.9966811099843275,0.9966811099843275,0.9963634505232863,0.0005027797571271999,73,0.9305445043186529,0.9363799857482723,0.940562749700983,0.9370692039775121,0.936139110936355,0.0035983085216175115,73
791.3326109647751,10.219618273802704,14.771833896636963,0.6981630101618093,9,,102,5,0.007,1.0,0.0,"{'smote__k_neighbors': 9, 'pca__n_components': None, 'clf__n_estimators': 102, 'clf__max_depth': 5, 'clf__learning_rate': 0.007, 'clf__lambda': 1, 'clf__alpha': 0}",0.9969616924735751,0.9946168245277196,0.9953984471763381,0.9965969352375531,0.9958934748537964,0.0009368609623688374,88,0.9324030907784977,0.9394540567144967,0.9353479122253275,0.9365114879274873,0.9359291369114523,0.002526609179872118,77
699.5564290881157,9.816870100211123,5.741834223270416,0.18969507930039747,3,0.95,102,5,0.007,1.0,0.0,"{'smote__k_neighbors': 3, 'pca__n_components': 0.95, 'clf__n_estimators': 102, 'clf__max_depth': 5, 'clf__learning_rate': 0.007, 'clf__lambda': 1, 'clf__alpha': 0}",0.9864879489820868,0.992993454411358,0.9930134960177328,0.9898789887807088,0.9905934720479717,0.0026917576665858693,129,0.8381625335796293,0.8230682234992053,0.8245828457158225,0.830633573531232,0.8291117940814723,0.005942806930205119,158
678.0478152036667,12.040074574095897,6.842814564704895,1.2519749699377496,9,0.95,102,5,0.007,1.0,0.0,"{'smote__k_neighbors': 9, 'pca__n_components': 0.95, 'clf__n_estimators': 102, 'clf__max_depth': 5, 'clf__learning_rate': 0.007, 'clf__lambda': 1, 'clf__alpha': 0}",0.9864919573033618,0.9939113599833254,0.9929573795198833,0.9927689884199599,0.9915324213066325,0.0029421603767897484,121,0.8382207490722424,0.8216511755057408,0.8246987494556917,0.8241790055425112,0.8271874198940465,0.006473569188298291,164
842.2715634703636,13.059004515050907,17.769506096839905,3.5011639466583175,3,,150,5,0.007,1.0,0.0,"{'smote__k_neighbors': 3, 'pca__n_components': None, 'clf__n_estimators': 150, 'clf__max_depth': 5, 'clf__learning_rate': 0.007, 'clf__lambda': 1, 'clf__alpha': 0}",0.9971741335011484,0.9960558118654327,0.9969616924735751,0.9980840224305658,0.9970689150676805,0.0007210042753023184,60,0.9360814439320417,0.9406358851055229,0.941749454956582,0.9396460180998548,0.9395282005235003,0.0021245557401370317,57
829.0139918327332,31.29740344529348,15.10606986284256,0.5869736685809199,9,,150,5,0.007,1.0,0.0,"{'smote__k_neighbors': 9, 'pca__n_components': None, 'clf__n_estimators': 150, 'clf__max_depth': 5, 'clf__learning_rate': 0.007, 'clf__lambda': 1, 'clf__alpha': 0}",0.9971621085373235,0.9949855900850165,0.9964085441376297,0.997350499637247,0.9964766855993042,0.0009302371563742196,65,0.9369275384151853,0.9396479736415552,0.9389856680836661,0.9384016020938855,0.938490695558573,0.0010044511265265767,69
698.4228902459145,40.731378015115126,7.062223672866821,1.8599961416047701,3,0.95,150,5,0.007,1.0,0.0,"{'smote__k_neighbors': 3, 'pca__n_components': 0.95, 'clf__n_estimators': 150, 'clf__max_depth': 5, 'clf__learning_rate': 0.007, 'clf__lambda': 1, 'clf__alpha': 0}",0.9940436345853992,0.9929653961624332,0.993225937045306,0.9927008469582854,0.9932339536878559,0.0005029844311653358,117,0.8156018572418026,0.8230504357024864,0.824658243620481,0.8242754889372151,0.8218965063754963,0.003682421460374177,177
691.2994137406349,11.369817514625378,5.63563871383667,0.02847304343412627,9,0.95,150,5,0.007,1.0,0.0,"{'smote__k_neighbors': 9, 'pca__n_components': 0.95, 'clf__n_estimators': 150, 'clf__max_depth': 5, 'clf__learning_rate': 0.007, 'clf__lambda': 1, 'clf__alpha': 0}",0.9939995430513746,0.9938833017344006,0.9933862698963047,0.9927890300263347,0.9935145361771036,0.0004780248732891041,101,0.8157024967369795,0.8216334253420504,0.8246256042505165,0.8241813823294916,0.8215357271647594,0.003556084708397144,185
774.0302570462227,14.092678079671192,17.52029287815094,1.7291787069902698,3,,70,8,0.007,1.0,0.0,"{'smote__k_neighbors': 3, 'pca__n_components': None, 'clf__n_estimators': 70, 'clf__max_depth': 8, 'clf__learning_rate': 0.007, 'clf__lambda': 1, 'clf__alpha': 0}",0.9988536201153595,0.9988977116493841,0.9991502358897071,0.9981281139645904,0.9987574204047603,0.00038054783486793776,41,0.9656931777755904,0.9598956620077668,0.959903912951727,0.9612265333017317,0.961679821509204,0.0023795784842627742,41
744.928758263588,11.855754880657598,18.455027759075165,4.849125431545246,9,,70,8,0.007,1.0,0.0,"{'smote__k_neighbors': 9, 'pca__n_components': None, 'clf__n_estimators': 70, 'clf__max_depth': 8, 'clf__learning_rate': 0.007, 'clf__lambda': 1, 'clf__alpha': 0}",0.9992905271343309,0.9990660611429327,0.9990420112152829,0.9974988075244207,0.9987243517542419,0.0007141754090864758,45,0.9656448219337685,0.9575184916840245,0.961693839328502,0.9564889521619079,0.9603365262770507,0.0036319914316315267,48
672.7293377518654,5.4759652112351755,5.560634016990662,0.1443014189801056,3,0.95,70,8,0.007,1.0,0.0,"{'smote__k_neighbors': 3, 'pca__n_components': 0.95, 'clf__n_estimators': 70, 'clf__max_depth': 8, 'clf__learning_rate': 0.007, 'clf__lambda': 1, 'clf__alpha': 0}",0.9840909728596566,0.9797339276337677,0.9786637058533516,0.9833213751748631,0.9814524953804098,0.002301363575178666,192,0.8632684735698046,0.8687108427054945,0.868578722350646,0.8664595527412927,0.8667543978418095,0.002201955839795184,99
656.5403181314468,15.422885224551452,5.675827205181122,0.13539483530328678,9,0.95,70,8,0.007,1.0,0.0,"{'smote__k_neighbors': 9, 'pca__n_components': 0.95, 'clf__n_estimators': 70, 'clf__max_depth': 8, 'clf__learning_rate': 0.007, 'clf__lambda': 1, 'clf__alpha': 0}",0.9837262156236347,0.9817420965925261,0.9782668820471299,0.9827521935538177,0.9816218469542772,0.0020601153144518066,185,0.8634148194899744,0.8679292888129447,0.8689901073014553,0.8643796391420016,0.866178463686594,0.0023368904246770217,114
769.7797656655312,17.558639551964628,20.761262476444244,4.7121079872271405,3,,102,8,0.007,1.0,0.0,"{'smote__k_neighbors': 3, 'pca__n_components': None, 'clf__n_estimators': 102, 'clf__max_depth': 8, 'clf__learning_rate': 0.007, 'clf__lambda': 1, 'clf__alpha': 0}",0.9991662691748069,0.9993145770619807,0.9993145770619807,0.9989217615770339,0.9991792962189506,0.0001605425244663567,33,0.9685816066907368,0.9623921646740197,0.962665669931284,0.9648377702635212,0.9646193028898904,0.002476106105010847,28
829.301712334156,0.5729236414700017,24.330882847309113,1.3757434402889128,9,,102,8,0.007,1.0,0.0,"{'smote__k_neighbors': 9, 'pca__n_components': None, 'clf__n_estimators': 102, 'clf__max_depth': 8, 'clf__learning_rate': 0.007, 'clf__lambda': 1, 'clf__alpha': 0}",0.9994027601300299,0.9994829265555293,0.9992263939939314,0.999274493849231,0.9993466436321804,0.00010171979060890222,24,0.9675266317009985,0.9607281671603515,0.9632755262913846,0.9620267623265226,0.9633892718698143,0.002552870686090222,36
654.6508848667145,5.332063519683278,5.614645838737488,0.11810209300193159,3,0.95,102,8,0.007,1.0,0.0,"{'smote__k_neighbors': 3, 'pca__n_components': 0.95, 'clf__n_estimators': 102, 'clf__max_depth': 8, 'clf__learning_rate': 0.007, 'clf__lambda': 1, 'clf__alpha': 0}",0.98549789362717,0.983209142179164,0.9835217912386114,0.984411638561654,0.9841601164016498,0.0008894833173947394,170,0.8640888412789456,0.8675747082936905,0.8653860396941223,0.8672425872355812,0.8660730441255848,0.0014170270273863076,118
684.8341924548149,4.898963059529206,5.656688988208771,0.17771993713589698,9,0.95,102,8,0.007,1.0,0.0,"{'smote__k_neighbors': 9, 'pca__n_components': 0.95, 'clf__n_estimators': 102, 'clf__max_depth': 8, 'clf__learning_rate': 0.007, 'clf__lambda': 1, 'clf__alpha': 0}",0.9850409450018238,0.9818062297329255,0.9812049815416806,0.9839065900810082,0.9829896865893595,0.001551943565819527,181,0.8642634827410364,0.8679263200564675,0.8682192977976019,0.866193858099558,0.866650739673666,0.001580760603024774,101
934.566649377346,11.496643810470454,18.370287358760834,2.2398929366689933,3,,150,8,0.007,1.0,0.0,"{'smote__k_neighbors': 3, 'pca__n_components': None, 'clf__n_estimators': 150, 'clf__max_depth': 8, 'clf__learning_rate': 0.007, 'clf__lambda': 1, 'clf__alpha': 0}",0.9992464356003062,0.9994588766278795,0.9993506519534554,0.999274493849231,0.999332614507718,8.226829198125481e-05,28,0.9738943664117724,0.9713093935909302,0.9724406439071271,0.9723240612178037,0.9724921162819083,0.0009214160705668333,9
848.3783299326897,59.563329992999506,17.07248044013977,3.531132915694982,9,,150,8,0.007,1.0,0.0,"{'smote__k_neighbors': 9, 'pca__n_components': None, 'clf__n_estimators': 150, 'clf__max_depth': 8, 'clf__learning_rate': 0.007, 'clf__lambda': 1, 'clf__alpha': 0}",0.999270485527956,0.9996472677278029,0.9992504439215812,0.9993546602747303,0.9993807143630176,0.00015878467793358194,10,0.9736378583786697,0.9707233454229538,0.9734153213714514,0.9711309398609287,0.9722268662585009,0.001310052851080477,13
737.4781951904297,46.88124416176624,6.298419713973999,0.5639753881292595,3,0.95,150,8,0.007,1.0,0.0,"{'smote__k_neighbors': 3, 'pca__n_components': 0.95, 'clf__n_estimators': 150, 'clf__max_depth': 8, 'clf__learning_rate': 0.007, 'clf__lambda': 1, 'clf__alpha': 0}",0.9858345926142672,0.9846120546254024,0.9844156468829289,0.9844477134531286,0.9848275018939319,0.0005861981436251615,153,0.8635621821511685,0.8675073739645371,0.8659221028685545,0.866559546794025,0.8658878014445712,0.001456360072876526,129
760.7106476426125,18.815755606523,6.093187510967255,0.5373156956215767,9,0.95,150,8,0.007,1.0,0.0,"{'smote__k_neighbors': 9, 'pca__n_components': 0.95, 'clf__n_estimators': 150, 'clf__max_depth': 8, 'clf__learning_rate': 0.007, 'clf__lambda': 1, 'clf__alpha': 0}",0.9856341765505189,0.9832692669982884,0.9847202792998264,0.9850529699656487,0.9846691732035706,0.0008719060486751257,161,0.8637444886879354,0.8688065212817877,0.8653010303207055,0.8669094110849208,0.8661903628438374,0.0018797957381503695,109
753.1285580992699,8.78437359958216,20.77975594997406,4.050120679921845,3,,70,5,0.01,1.0,0.0,"{'smote__k_neighbors': 3, 'pca__n_components': None, 'clf__n_estimators': 70, 'clf__max_depth': 5, 'clf__learning_rate': 0.01, 'clf__lambda': 1, 'clf__alpha': 0}",0.9965488353822536,0.9954585719954626,0.9967131765545272,0.9966771016630525,0.996349421398824,0.0005179456451023758,79,0.9310592249836348,0.9355305576462487,0.9386380931673642,0.9349584019239722,0.935046569430305,0.002694437631148518,86
787.7588239908218,6.750092922093736,15.577030897140503,1.417868107335354,9,,70,5,0.01,1.0,0.0,"{'smote__k_neighbors': 9, 'pca__n_components': None, 'clf__n_estimators': 70, 'clf__max_depth': 5, 'clf__learning_rate': 0.01, 'clf__lambda': 1, 'clf__alpha': 0}",0.9969657007948501,0.994564716351145,0.9954184887827129,0.9967171848758022,0.9959165227011275,0.000976889551337151,84,0.9321838882296811,0.9394268899659932,0.9353575848792809,0.9346024119208395,0.9353926937489487,0.002607534754258673,82
647.9056267738342,9.66590877546605,5.554693400859833,0.042765008772777356,3,0.95,70,5,0.01,1.0,0.0,"{'smote__k_neighbors': 3, 'pca__n_components': 0.95, 'clf__n_estimators': 70, 'clf__max_depth': 5, 'clf__learning_rate': 0.01, 'clf__lambda': 1, 'clf__alpha': 0}",0.9864879489820868,0.992993454411358,0.9930134960177328,0.9898789887807088,0.9905934720479717,0.0026917576665858693,129,0.8381625335796293,0.8230687704120111,0.8245828457158225,0.830633573531232,0.8291119308096737,0.0059426678867917256,153
676.6205768585205,11.529463222627824,5.526242256164551,0.06095447864996151,9,0.95,70,5,0.01,1.0,0.0,"{'smote__k_neighbors': 9, 'pca__n_components': 0.95, 'clf__n_estimators': 70, 'clf__max_depth': 5, 'clf__learning_rate': 0.01, 'clf__lambda': 1, 'clf__alpha': 0}",0.9864919573033618,0.9939113599833254,0.9929573795198833,0.9927689884199599,0.9915324213066325,0.0029421603767897484,121,0.8382207490722424,0.8216517200336133,0.8246976512542712,0.8241790055425112,0.8271872814756596,0.0064735583416835555,168
771.7704716920853,28.344781645715944,16.321956276893616,2.3485714156029487,3,,102,5,0.01,1.0,0.0,"{'smote__k_neighbors': 3, 'pca__n_components': None, 'clf__n_estimators': 102, 'clf__max_depth': 5, 'clf__learning_rate': 0.01, 'clf__lambda': 1, 'clf__alpha': 0}",0.9971661168585985,0.9958794457293341,0.9969456591884752,0.9980198892901664,0.9970027777666435,0.0007626160417047101,62,0.9353228817873452,0.9401376606766487,0.9416458879303622,0.9391525610405599,0.9390647478587291,0.0023357385788719616,61
762.14617395401,22.433419394648276,18.689464688301086,4.45321902607316,9,,102,5,0.01,1.0,0.0,"{'smote__k_neighbors': 9, 'pca__n_components': None, 'clf__n_estimators': 102, 'clf__max_depth': 5, 'clf__learning_rate': 0.01, 'clf__lambda': 1, 'clf__alpha': 0}",0.9971741335011484,0.9949855900850165,0.9965127604907789,0.9971941751075232,0.9964666647961167,0.0008979825074477754,70,0.937322209972895,0.9395967565496969,0.9386676191367963,0.9384336015064367,0.9385050467914562,0.0008097016938050264,65
681.5348209142685,23.07854448846994,5.852621912956238,0.5129559061233799,3,0.95,102,5,0.01,1.0,0.0,"{'smote__k_neighbors': 3, 'pca__n_components': 0.95, 'clf__n_estimators': 102, 'clf__max_depth': 5, 'clf__learning_rate': 0.01, 'clf__lambda': 1, 'clf__alpha': 0}",0.9940436345853992,0.9929653961624332,0.9932940785069805,0.9927008469582854,0.9932509890532746,0.0005035780139650821,113,0.8156018572418026,0.8230504357024864,0.8245446850194583,0.824274940257873,0.821867979555405,0.0036613079409315887,181
665.8216680288315,16.79427999701314,7.473590075969696,3.2402124289529555,9,0.95,102,5,0.01,1.0,0.0,"{'smote__k_neighbors': 9, 'pca__n_components': 0.95, 'clf__n_estimators': 102, 'clf__max_depth': 5, 'clf__learning_rate': 0.01, 'clf__lambda': 1, 'clf__alpha': 0}",0.9939995430513746,0.9938833017344006,0.9933862698963047,0.9927890300263347,0.9935145361771036,0.0004780248732891041,101,0.8157024967369795,0.8216334253420504,0.8246256042505165,0.8241813823294916,0.8215357271647594,0.003556084708397144,185
816.63887321949,42.76115150875766,25.685360729694366,2.8313087879018948,3,,150,5,0.01,1.0,0.0,"{'smote__k_neighbors': 3, 'pca__n_components': None, 'clf__n_estimators': 150, 'clf__max_depth': 5, 'clf__learning_rate': 0.01, 'clf__lambda': 1, 'clf__alpha': 0}",0.997226241677723,0.9969536758310252,0.9981040640369407,0.9979838143986917,0.9975669489860951,0.0004884810085284089,54,0.9381120339303881,0.9419159232079546,0.9463069751604299,0.9426757090759296,0.9422526603436755,0.002910095267177824,51
844.0043257474899,26.090363708897605,18.313575863838196,3.40640091327937,9,,150,5,0.01,1.0,0.0,"{'smote__k_neighbors': 9, 'pca__n_components': None, 'clf__n_estimators': 150, 'clf__max_depth': 5, 'clf__learning_rate': 0.01, 'clf__lambda': 1, 'clf__alpha': 0}",0.9974947992031458,0.9976390987690446,0.9977833983349433,0.9983004717794141,0.997804442021637,0.00030401703224123454,49,0.939063653282738,0.9433644740791951,0.9433571855722377,0.9413531367854818,0.9417846124299132,0.0017719155616991123,53
688.4053524136543,10.408667947620245,5.705247402191162,0.11911337396572026,3,0.95,150,5,0.01,1.0,0.0,"{'smote__k_neighbors': 3, 'pca__n_components': 0.95, 'clf__n_estimators': 150, 'clf__max_depth': 5, 'clf__learning_rate': 0.01, 'clf__lambda': 1, 'clf__alpha': 0}",0.9940155763364745,0.993221928724031,0.9930455625879325,0.992756963456135,0.9932600077761432,0.00046673712896291587,109,0.8168850402664756,0.8230716493187961,0.8246621743072726,0.8242321057630422,0.8222127424138966,0.0031304822383731354,169
729.1133263707161,19.732980032360224,6.194709241390228,0.30830956671184495,9,0.95,150,5,0.01,1.0,0.0,"{'smote__k_neighbors': 9, 'pca__n_components': 0.95, 'clf__n_estimators': 150, 'clf__max_depth': 5, 'clf__learning_rate': 0.01, 'clf__lambda': 1, 'clf__alpha': 0}",0.9939995430513746,0.9940556595492241,0.9931537872623567,0.9930295293028327,0.993559629791447,0.00047044762814475315,97,0.8171054938073905,0.8215880630242636,0.8247460084667173,0.8242060585010577,0.8219114059498572,0.0030208336567891614,173
761.8474349975586,20.620915849885996,16.640965580940247,3.9387474469452073,3,,70,8,0.01,1.0,0.0,"{'smote__k_neighbors': 3, 'pca__n_components': None, 'clf__n_estimators': 70, 'clf__max_depth': 8, 'clf__learning_rate': 0.01, 'clf__lambda': 1, 'clf__alpha': 0}",0.9991782941386318,0.9991342026046072,0.9992544522428561,0.9989177532557589,0.9991211755604634,0.00012507552115821336,39,0.9682373586831636,0.9618234071156372,0.9625713255332474,0.9646718092914078,0.964325975155864,0.0024879793227160977,30
765.2228338122368,17.482657163922337,16.12197369337082,4.341469424130052,9,,70,8,0.01,1.0,0.0,"{'smote__k_neighbors': 9, 'pca__n_components': None, 'clf__n_estimators': 70, 'clf__max_depth': 8, 'clf__learning_rate': 0.01, 'clf__lambda': 1, 'clf__alpha': 0}",0.9994027601300299,0.9994829265555293,0.9992584605641311,0.9993306103470806,0.9993686893991927,8.338368077213284e-05,14,0.9673224320167849,0.9600697358876463,0.9624153964226758,0.9612039318859666,0.9627528740532685,0.002765556155032422,40
659.9417639374733,11.301921268876923,5.496514022350311,0.08501173766997089,3,0.95,70,8,0.01,1.0,0.0,"{'smote__k_neighbors': 3, 'pca__n_components': 0.95, 'clf__n_estimators': 70, 'clf__max_depth': 8, 'clf__learning_rate': 0.01, 'clf__lambda': 1, 'clf__alpha': 0}",0.9854698353782453,0.983209142179164,0.9835217912386114,0.984411638561654,0.9841531018394187,0.0008789541176726513,173,0.8640861049488414,0.8675740945881134,0.8653860396941223,0.8669982737134929,0.8660111282361425,0.0013705628727700742,121
666.8130697011948,2.6518433076647567,6.573552370071411,1.6493763621259738,9,0.95,70,8,0.01,1.0,0.0,"{'smote__k_neighbors': 9, 'pca__n_components': 0.95, 'clf__n_estimators': 70, 'clf__max_depth': 8, 'clf__learning_rate': 0.01, 'clf__lambda': 1, 'clf__alpha': 0}",0.9854257438442205,0.9817420965925261,0.9812049815416806,0.9838785318320834,0.9830628384526278,0.0016914985176970372,178,0.8637050309162451,0.8679237527179536,0.8682186819243589,0.866193609493515,0.8665102687630182,0.0017948708094618385,106
787.0925318002701,12.51561175915146,17.553455233573914,3.1739099849711643,3,,102,8,0.01,1.0,0.0,"{'smote__k_neighbors': 3, 'pca__n_components': None, 'clf__n_estimators': 102, 'clf__max_depth': 8, 'clf__learning_rate': 0.01, 'clf__lambda': 1, 'clf__alpha': 0}",0.9992424272790312,0.9994628849491545,0.9993546602747303,0.9993386269896305,0.9993496498731367,7.820721707805721e-05,22,0.9737208030622607,0.9706636873596151,0.9716789795889734,0.9720361622591899,0.9720249080675097,0.001100996686860995,18
768.3629061579704,10.47925106739555,14.985651791095734,1.1081455212465252,9,,102,8,0.01,1.0,0.0,"{'smote__k_neighbors': 9, 'pca__n_components': None, 'clf__n_estimators': 102, 'clf__max_depth': 8, 'clf__learning_rate': 0.01, 'clf__lambda': 1, 'clf__alpha': 0}",0.9992865188130559,0.9995671013023035,0.9992624688854062,0.9993506519534554,0.9993666852385552,0.00012011595322905103,18,0.9734497033610748,0.9694485674010757,0.9716635641656455,0.971191354134124,0.97143829726548,0.001424474069712453,24
685.3101038336754,11.534719565797404,5.731316685676575,0.1564590060378707,3,0.95,102,8,0.01,1.0,0.0,"{'smote__k_neighbors': 3, 'pca__n_components': 0.95, 'clf__n_estimators': 102, 'clf__max_depth': 8, 'clf__learning_rate': 0.01, 'clf__lambda': 1, 'clf__alpha': 0}",0.9858225676504423,0.9846120546254024,0.9844156468829289,0.9844477134531286,0.9848244956529755,0.0005810337867141885,154,0.8635577128346873,0.8669642170174048,0.8659221028685545,0.866559546794025,0.8657508948786679,0.0013196048827584478,133
667.3820545077324,16.483696283256688,5.650422990322113,0.04645309931509205,9,0.95,102,8,0.01,1.0,0.0,"{'smote__k_neighbors': 9, 'pca__n_components': 0.95, 'clf__n_estimators': 102, 'clf__max_depth': 8, 'clf__learning_rate': 0.01, 'clf__lambda': 1, 'clf__alpha': 0}",0.9856341765505189,0.9818382963031252,0.9847202792998264,0.9850529699656487,0.9843114305297798,0.0014648453834917809,165,0.8637444886879354,0.8680346377536773,0.8653010303207055,0.8669094110849208,0.8659973919618098,0.0016234717424425194,125
790.8077209591866,11.329541493292506,21.99996054172516,4.2424633931407945,3,,150,8,0.01,1.0,0.0,"{'smote__k_neighbors': 3, 'pca__n_components': None, 'clf__n_estimators': 150, 'clf__max_depth': 8, 'clf__learning_rate': 0.01, 'clf__lambda': 1, 'clf__alpha': 0}",0.9994869348768043,0.9995711096235785,0.9994308183789548,0.9995029681619041,0.9994979577603104,5.001374739343688e-05,6,0.9765826636828414,0.9766916857403812,0.9751216658245353,0.9758416030668782,0.976059404578659,0.0006325288584519446,8
948.179173886776,10.020577918037946,17.83681058883667,0.1956515673558055,9,,150,8,0.01,1.0,0.0,"{'smote__k_neighbors': 9, 'pca__n_components': None, 'clf__n_estimators': 150, 'clf__max_depth': 8, 'clf__learning_rate': 0.01, 'clf__lambda': 1, 'clf__alpha': 0}",0.9994147850938548,0.9995951595512284,0.9994067684513049,0.9996152011576032,0.9995079785634977,9.750092166557e-05,2,0.9782600166355404,0.9767105947524424,0.9780718099190736,0.9762392407580519,0.977320415516277,0.0008643298030413589,1
709.0772588849068,39.02531571750441,5.996328115463257,0.49863573229686164,3,0.95,150,8,0.01,1.0,0.0,"{'smote__k_neighbors': 3, 'pca__n_components': 0.95, 'clf__n_estimators': 150, 'clf__max_depth': 8, 'clf__learning_rate': 0.01, 'clf__lambda': 1, 'clf__alpha': 0}",0.985858642541917,0.9846240795892273,0.9853215274910715,0.9852974775634217,0.9852754317964094,0.00043789419395161354,150,0.8635347368805412,0.870310008857396,0.8622347903437168,0.8629523063269524,0.8647579606021516,0.003238375040675017,141
700.8311076760292,17.13137846511876,5.700070858001709,0.12794029351536187,9,0.95,150,8,0.01,1.0,0.0,"{'smote__k_neighbors': 9, 'pca__n_components': 0.95, 'clf__n_estimators': 150, 'clf__max_depth': 8, 'clf__learning_rate': 0.01, 'clf__lambda': 1, 'clf__alpha': 0}",0.9856301682292439,0.98427936395958,0.9856582264781687,0.985622151586694,0.9852974775634217,0.0005879607534375883,145,0.8638059085425787,0.8697483188315658,0.861582910664157,0.8643508949536705,0.864872008247993,0.0030001956382402664,139
787.6641076207161,7.936360636636387,20.276690125465393,4.150182014771316,3,,70,5,0.007,1.1,0.1,"{'smote__k_neighbors': 3, 'pca__n_components': None, 'clf__n_estimators': 70, 'clf__max_depth': 5, 'clf__learning_rate': 0.007, 'clf__lambda': 1.1, 'clf__alpha': 0.1}",0.9941438426172735,0.994676949346844,0.9947771573787182,0.9954505553529126,0.994762126173937,0.00046467470339374976,92,0.9292041034540377,0.928120958337354,0.9338770017858876,0.9285455232055994,0.9299368966957197,0.0023073234692504445,96
759.3435804247856,3.6606894604272338,18.00272625684738,4.422005112786687,9,,70,5,0.007,1.1,0.1,"{'smote__k_neighbors': 9, 'pca__n_components': None, 'clf__n_estimators': 70, 'clf__max_depth': 5, 'clf__learning_rate': 0.007, 'clf__lambda': 1.1, 'clf__alpha': 0.1}",0.9954305137465378,0.9936067275664279,0.9948653404467674,0.9949535235148168,0.9947140263186376,0.000674484920760585,94,0.928901922206554,0.93365514051569,0.9294849709545309,0.9283193075546228,0.9300903353078495,0.0020989978068202964,89
676.9788190722466,8.290889236762304,5.668438196182251,0.21681126346705792,3,0.95,70,5,0.007,1.1,0.1,"{'smote__k_neighbors': 3, 'pca__n_components': 0.95, 'clf__n_estimators': 70, 'clf__max_depth': 5, 'clf__learning_rate': 0.007, 'clf__lambda': 1.1, 'clf__alpha': 0.1}",0.9866562984756354,0.992993454411358,0.986347657737463,0.9897346892148099,0.9889330249598166,0.0026924598449592084,137,0.8382707413706322,0.8230682234992053,0.8307557370507437,0.8306074750636109,0.830675544246048,0.005375160755878797,145
661.029922068119,11.213343654256295,5.764468550682068,0.06834544342576843,9,0.95,70,5,0.007,1.1,0.1,"{'smote__k_neighbors': 9, 'pca__n_components': 0.95, 'clf__n_estimators': 70, 'clf__max_depth': 5, 'clf__learning_rate': 0.007, 'clf__lambda': 1.1, 'clf__alpha': 0.1}",0.9866603067969104,0.9938672684493007,0.9864719156969869,0.9867765481138844,0.9884440097642706,0.003133006320064191,142,0.8383289615200968,0.8216250714093523,0.8308581498749186,0.8304592350310753,0.8303178544588607,0.005917225301930409,150
781.8102828860283,13.808663836614176,24.9198756814003,0.32415394703504624,3,,102,5,0.007,1.1,0.1,"{'smote__k_neighbors': 3, 'pca__n_components': None, 'clf__n_estimators': 102, 'clf__max_depth': 5, 'clf__learning_rate': 0.007, 'clf__lambda': 1.1, 'clf__alpha': 0.1}",0.9965969352375531,0.9954946468869372,0.9966811099843275,0.9966811099843275,0.9963634505232863,0.0005027797571271999,73,0.9305438077772372,0.9363764553296736,0.9405663075170256,0.9370692039775121,0.9361389436503622,0.0035996142960269192,74
771.9669997692108,3.513529382273697,15.150986433029175,1.1350404390818811,9,,102,5,0.007,1.1,0.1,"{'smote__k_neighbors': 9, 'pca__n_components': None, 'clf__n_estimators': 102, 'clf__max_depth': 5, 'clf__learning_rate': 0.007, 'clf__lambda': 1.1, 'clf__alpha': 0.1}",0.9969616924735751,0.9946168245277196,0.9954224971039879,0.9966450350928527,0.9959115122995338,0.000942905930385943,85,0.9324030907784977,0.9394540567144967,0.9353691020360198,0.9355059115317007,0.9356830402651788,0.0025054223943357635,78
672.2583898305893,5.679843839090531,5.5999979972839355,0.07547343159903544,3,0.95,102,5,0.007,1.1,0.1,"{'smote__k_neighbors': 3, 'pca__n_components': 0.95, 'clf__n_estimators': 102, 'clf__max_depth': 5, 'clf__learning_rate': 0.007, 'clf__lambda': 1.1, 'clf__alpha': 0.1}",0.9864879489820868,0.992993454411358,0.9930134960177328,0.9898789887807088,0.9905934720479717,0.0026917576665858693,129,0.8381625335796293,0.8230682234992053,0.8245828457158225,0.830633573531232,0.8291117940814723,0.005942806930205119,158
700.6356092691422,2.533563176510345,5.652113199234009,0.050120881176079525,9,0.95,102,5,0.007,1.1,0.1,"{'smote__k_neighbors': 9, 'pca__n_components': 0.95, 'clf__n_estimators': 102, 'clf__max_depth': 5, 'clf__learning_rate': 0.007, 'clf__lambda': 1.1, 'clf__alpha': 0.1}",0.9864919573033618,0.9939113599833254,0.9929573795198833,0.9927689884199599,0.9915324213066325,0.0029421603767897484,121,0.8382207490722424,0.8216511755057408,0.8246987494556917,0.8241790055425112,0.8271874198940465,0.006473569188298291,164
808.3636452555656,31.30927017602179,19.260658860206604,3.4538896074198853,3,,150,5,0.007,1.1,0.1,"{'smote__k_neighbors': 3, 'pca__n_components': None, 'clf__n_estimators': 150, 'clf__max_depth': 5, 'clf__learning_rate': 0.007, 'clf__lambda': 1.1, 'clf__alpha': 0.1}",0.9971741335011484,0.9960558118654327,0.9969657007948501,0.9980840224305658,0.9970699171479992,0.0007208573272129236,58,0.9360814439320417,0.9406358851055229,0.9417525281362596,0.9396417630636934,0.9395279050593794,0.0021253014823923344,59
839.17093282938,6.897087419003019,21.153208374977112,2.181094929249392,9,,150,5,0.007,1.1,0.1,"{'smote__k_neighbors': 9, 'pca__n_components': None, 'clf__n_estimators': 150, 'clf__max_depth': 5, 'clf__learning_rate': 0.007, 'clf__lambda': 1.1, 'clf__alpha': 0.1}",0.9971581002160486,0.9949936067275664,0.9964085441376297,0.9973384746734221,0.9964746814386667,0.0009234658115134097,68,0.9369230664936227,0.9396534102523337,0.9389842493452022,0.9381581834758196,0.9384297273917446,0.0010184126742597398,72
684.4725340008736,26.003409937221967,5.983789801597595,0.744192921512645,3,0.95,150,5,0.007,1.1,0.1,"{'smote__k_neighbors': 3, 'pca__n_components': 0.95, 'clf__n_estimators': 150, 'clf__max_depth': 5, 'clf__learning_rate': 0.007, 'clf__lambda': 1.1, 'clf__alpha': 0.1}",0.9940436345853992,0.9929653961624332,0.993225937045306,0.9927008469582854,0.9932339536878559,0.0005029844311653358,117,0.8156018572418026,0.8230504357024864,0.824658243620481,0.8242754889372151,0.8218965063754963,0.003682421460374177,177
687.7964000701904,14.085198147997241,6.2500239610672,1.134461082634477,9,0.95,150,5,0.007,1.1,0.1,"{'smote__k_neighbors': 9, 'pca__n_components': 0.95, 'clf__n_estimators': 150, 'clf__max_depth': 5, 'clf__learning_rate': 0.007, 'clf__lambda': 1.1, 'clf__alpha': 0.1}",0.9939995430513746,0.9938833017344006,0.9933862698963047,0.9927890300263347,0.9935145361771036,0.0004780248732891041,101,0.8157024967369795,0.8216334253420504,0.8246256042505165,0.8241813823294916,0.8215357271647594,0.003556084708397144,185
781.1206001639366,5.198592248928183,20.441578149795532,1.5453756971691566,3,,70,8,0.007,1.1,0.1,"{'smote__k_neighbors': 3, 'pca__n_components': None, 'clf__n_estimators': 70, 'clf__max_depth': 8, 'clf__learning_rate': 0.007, 'clf__lambda': 1.1, 'clf__alpha': 0.1}",0.9988496117940845,0.9988656450791844,0.9991502358897071,0.9981160890007655,0.9987453954409353,0.00038250601575780295,44,0.9656900509828419,0.9598715025268089,0.9599024343657772,0.961218663339736,0.961670662803791,0.0023834530811760947,44
749.0999438762665,11.203071127623833,16.122534692287445,4.235966760896629,9,,70,8,0.007,1.1,0.1,"{'smote__k_neighbors': 9, 'pca__n_components': None, 'clf__n_estimators': 70, 'clf__max_depth': 8, 'clf__learning_rate': 0.007, 'clf__lambda': 1.1, 'clf__alpha': 0.1}",0.9992945354556059,0.9990580445003828,0.9990420112152829,0.9974787659180459,0.9987183392723294,0.0007226180372254539,48,0.9658282634500414,0.9575115441057832,0.9616953235991594,0.9564741460024814,0.9603773192893663,0.003704637523217473,46
680.4062173962593,4.549504808685937,5.570896565914154,0.11206957978692526,3,0.95,70,8,0.007,1.1,0.1,"{'smote__k_neighbors': 3, 'pca__n_components': 0.95, 'clf__n_estimators': 70, 'clf__max_depth': 8, 'clf__learning_rate': 0.007, 'clf__lambda': 1.1, 'clf__alpha': 0.1}",0.9840909728596566,0.9797659942039675,0.9786637058533516,0.9833213751748631,0.9814605120229596,0.002295411252518167,189,0.8632684735698046,0.8687201328919713,0.868578722350646,0.8664595527412927,0.8667567203884285,0.002204022135071263,97
651.9950578808784,4.637852340168148,5.550696790218353,0.08430529641923651,9,0.95,70,8,0.007,1.1,0.1,"{'smote__k_neighbors': 9, 'pca__n_components': 0.95, 'clf__n_estimators': 70, 'clf__max_depth': 8, 'clf__learning_rate': 0.007, 'clf__lambda': 1.1, 'clf__alpha': 0.1}",0.9837262156236347,0.9817420965925261,0.9782668820471299,0.9827521935538177,0.9816218469542772,0.0020601153144518066,185,0.8634148194899744,0.8679292888129447,0.8689901073014553,0.8643802486197585,0.8661786160560332,0.002336773150055909,113
799.9257195591927,16.257226439030504,19.6058229804039,5.035336770418891,3,,102,8,0.007,1.1,0.1,"{'smote__k_neighbors': 3, 'pca__n_components': None, 'clf__n_estimators': 102, 'clf__max_depth': 8, 'clf__learning_rate': 0.007, 'clf__lambda': 1.1, 'clf__alpha': 0.1}",0.9991662691748069,0.9993105687407057,0.9993105687407057,0.9989177532557589,0.9991762899779943,0.00016047057788838017,36,0.9685499939386215,0.962392019498833,0.9626484270745811,0.9649691393877441,0.964639894974945,0.0024706357655160873,27
843.9522051215172,8.030685006830689,21.333210825920105,0.5957696470727102,9,,102,8,0.007,1.1,0.1,"{'smote__k_neighbors': 9, 'pca__n_components': None, 'clf__n_estimators': 102, 'clf__max_depth': 8, 'clf__learning_rate': 0.007, 'clf__lambda': 1.1, 'clf__alpha': 0.1}",0.9993827185236551,0.9994869348768043,0.9992263939939314,0.999274493849231,0.9993426353109055,0.00010072776582690791,25,0.9680474117145513,0.9607098109503034,0.9632688263783754,0.9619257962800906,0.9634879613308301,0.0027836615774720075,35
688.1267297267914,21.57567181033377,7.625020861625671,3.1448064689920217,3,0.95,102,8,0.007,1.1,0.1,"{'smote__k_neighbors': 3, 'pca__n_components': 0.95, 'clf__n_estimators': 102, 'clf__max_depth': 8, 'clf__learning_rate': 0.007, 'clf__lambda': 1.1, 'clf__alpha': 0.1}",0.98549789362717,0.983209142179164,0.9835217912386114,0.984411638561654,0.9841601164016498,0.0008894833173947394,170,0.8640888412789456,0.8675740945881134,0.8653860396941223,0.8672425872355812,0.8660728906991906,0.001416864452629388,120
673.6173447370529,10.508215340485872,5.6684921979904175,0.20808787953086486,9,0.95,102,8,0.007,1.1,0.1,"{'smote__k_neighbors': 9, 'pca__n_components': 0.95, 'clf__n_estimators': 102, 'clf__max_depth': 8, 'clf__learning_rate': 0.007, 'clf__lambda': 1.1, 'clf__alpha': 0.1}",0.9850409450018238,0.9817420965925261,0.9812049815416806,0.9839065900810082,0.9829736533042597,0.0015643687009612175,183,0.8642634827410364,0.8679237527179536,0.8682192977976019,0.866193858099558,0.8666500978390375,0.0015802429865714172,103
916.1804935932159,7.937913261864368,19.256678879261017,3.2664319046396444,3,,150,8,0.007,1.1,0.1,"{'smote__k_neighbors': 3, 'pca__n_components': None, 'clf__n_estimators': 150, 'clf__max_depth': 8, 'clf__learning_rate': 0.007, 'clf__lambda': 1.1, 'clf__alpha': 0.1}",0.9992464356003062,0.9994588766278795,0.9993386269896305,0.999278502170506,0.9993306103470806,8.111281558454386e-05,31,0.972969196639747,0.9713381503025279,0.9724630795886351,0.9722460548729884,0.9722541203509746,0.0005903524886359786,11
914.0388143062592,3.307645263880275,22.787190318107605,2.6408396619099004,9,,150,8,0.007,1.1,0.1,"{'smote__k_neighbors': 9, 'pca__n_components': None, 'clf__n_estimators': 150, 'clf__max_depth': 8, 'clf__learning_rate': 0.007, 'clf__lambda': 1.1, 'clf__alpha': 0.1}",0.9992464356003062,0.9995751179448535,0.9992584605641311,0.9993546602747303,0.9993586685960053,0.00013181832406000004,21,0.9736182278322815,0.9705762157744177,0.9735326093748048,0.9711014359307532,0.9722071222280643,0.0013811709933092314,14
693.6934295296669,28.119843466393185,5.881437361240387,0.3742018207151718,3,0.95,150,8,0.007,1.1,0.1,"{'smote__k_neighbors': 3, 'pca__n_components': 0.95, 'clf__n_estimators': 150, 'clf__max_depth': 8, 'clf__learning_rate': 0.007, 'clf__lambda': 1.1, 'clf__alpha': 0.1}",0.9858225676504423,0.9846120546254024,0.9844156468829289,0.9844477134531286,0.9848244956529755,0.0005810337867141885,154,0.8635577128346873,0.8675079867014269,0.8659221028685545,0.866559546794025,0.8658868372996735,0.001458314770577836,130
705.624464571476,15.361719480163051,5.756806313991547,0.11220023586708607,9,0.95,150,8,0.007,1.1,0.1,"{'smote__k_neighbors': 9, 'pca__n_components': 0.95, 'clf__n_estimators': 150, 'clf__max_depth': 8, 'clf__learning_rate': 0.007, 'clf__lambda': 1.1, 'clf__alpha': 0.1}",0.9856341765505189,0.9832692669982884,0.9847202792998264,0.9850529699656487,0.9846691732035706,0.0008719060486751257,161,0.8637444886879354,0.8688065212817877,0.8653010303207055,0.8669094110849208,0.8661903628438374,0.0018797957381503695,109
753.7376660704613,17.33195425661177,23.943494141101837,2.7569047450263837,3,,70,5,0.01,1.1,0.1,"{'smote__k_neighbors': 3, 'pca__n_components': None, 'clf__n_estimators': 70, 'clf__max_depth': 5, 'clf__learning_rate': 0.01, 'clf__lambda': 1.1, 'clf__alpha': 0.1}",0.9965488353822536,0.9954585719954626,0.9967171848758022,0.9966771016630525,0.9963504234791427,0.0005186518365340676,78,0.9310508569023291,0.9355312624782455,0.9386347816764986,0.9349506677896763,0.9350418922116873,0.0026965265945220226,88
768.2284969091415,6.879909404836137,15.266603887081146,1.3776296139018205,9,,70,5,0.01,1.1,0.1,"{'smote__k_neighbors': 9, 'pca__n_components': None, 'clf__n_estimators': 70, 'clf__max_depth': 5, 'clf__learning_rate': 0.01, 'clf__lambda': 1.1, 'clf__alpha': 0.1}",0.9969657007948501,0.994564716351145,0.9954224971039879,0.9967171848758022,0.9959175247814462,0.0009763800837948139,81,0.9321838882296811,0.9394147971129062,0.9353592375477022,0.9346024119208395,0.9353900837027822,0.0026028535190593177,84
667.372714817524,9.766004613699073,5.864886462688446,0.3570570142187559,3,0.95,70,5,0.01,1.1,0.1,"{'smote__k_neighbors': 3, 'pca__n_components': 0.95, 'clf__n_estimators': 70, 'clf__max_depth': 5, 'clf__learning_rate': 0.01, 'clf__lambda': 1.1, 'clf__alpha': 0.1}",0.9864879489820868,0.992993454411358,0.9930134960177328,0.9898789887807088,0.9905934720479717,0.0026917576665858693,129,0.8381625335796293,0.8230687704120111,0.8245828457158225,0.830633573531232,0.8291119308096737,0.0059426678867917256,153
669.6443613767624,7.616522675226427,6.250779330730438,1.0862672431650173,9,0.95,70,5,0.01,1.1,0.1,"{'smote__k_neighbors': 9, 'pca__n_components': 0.95, 'clf__n_estimators': 70, 'clf__max_depth': 5, 'clf__learning_rate': 0.01, 'clf__lambda': 1.1, 'clf__alpha': 0.1}",0.9864919573033618,0.9939113599833254,0.9929573795198833,0.9927689884199599,0.9915324213066325,0.0029421603767897484,121,0.8382207490722424,0.8216517200336133,0.8246987494556917,0.8241790055425112,0.8271875560260147,0.006473452770476637,161
776.1387303471565,15.756435584255577,18.052778780460358,4.152093150663807,3,,102,5,0.01,1.1,0.1,"{'smote__k_neighbors': 3, 'pca__n_components': None, 'clf__n_estimators': 102, 'clf__max_depth': 5, 'clf__learning_rate': 0.01, 'clf__lambda': 1.1, 'clf__alpha': 0.1}",0.9971661168585985,0.9958794457293341,0.9969456591884752,0.9980238976114414,0.9970037798469623,0.0007639533326320733,61,0.935330618285068,0.9401369491874318,0.9416444619104193,0.9391102840172322,0.9390555783500378,0.0023318448261420936,63
782.5216565728188,26.28438148737255,18.398561358451843,4.14667452275533,9,,102,5,0.01,1.1,0.1,"{'smote__k_neighbors': 9, 'pca__n_components': None, 'clf__n_estimators': 102, 'clf__max_depth': 5, 'clf__learning_rate': 0.01, 'clf__lambda': 1.1, 'clf__alpha': 0.1}",0.9971741335011484,0.9949775734424665,0.9965207771333288,0.9971941751075232,0.9964666647961167,0.0009014023000797456,70,0.937322209972895,0.9395842070758381,0.9386673734620969,0.9384350174649757,0.9385022019939514,0.000805436456495578,68
665.3941130638123,5.926770579187996,7.238514482975006,2.7731238080231813,3,0.95,102,5,0.01,1.1,0.1,"{'smote__k_neighbors': 3, 'pca__n_components': 0.95, 'clf__n_estimators': 102, 'clf__max_depth': 5, 'clf__learning_rate': 0.01, 'clf__lambda': 1.1, 'clf__alpha': 0.1}",0.9940436345853992,0.9929653961624332,0.9932940785069805,0.9927008469582854,0.9932509890532746,0.0005035780139650821,113,0.8156018572418026,0.8230504357024864,0.824543587600436,0.824274940257873,0.8218677052006494,0.003661107391267511,183
670.4007645845413,12.586678651904965,6.324995577335358,1.297860040581021,9,0.95,102,5,0.01,1.1,0.1,"{'smote__k_neighbors': 9, 'pca__n_components': 0.95, 'clf__n_estimators': 102, 'clf__max_depth': 5, 'clf__learning_rate': 0.01, 'clf__lambda': 1.1, 'clf__alpha': 0.1}",0.9939995430513746,0.9938833017344006,0.9933862698963047,0.9927890300263347,0.9935145361771036,0.0004780248732891041,101,0.8157024967369795,0.8216334253420504,0.8246256042505165,0.8241813823294916,0.8215357271647594,0.003556084708397144,185
788.6773386597633,14.570835856467069,22.007869362831116,4.204146535450664,3,,150,5,0.01,1.1,0.1,"{'smote__k_neighbors': 3, 'pca__n_components': None, 'clf__n_estimators': 150, 'clf__max_depth': 5, 'clf__learning_rate': 0.01, 'clf__lambda': 1.1, 'clf__alpha': 0.1}",0.997226241677723,0.9969576841523001,0.9981040640369407,0.9979878227199667,0.9975689531467326,0.0004880820419626809,53,0.9381106189918484,0.941918996829494,0.9463112906891281,0.942682350589283,0.9422558142749383,0.002912254800837773,50
824.9000700116158,28.94317886689658,19.14209622144699,4.937577491723544,9,,150,5,0.01,1.1,0.1,"{'smote__k_neighbors': 9, 'pca__n_components': None, 'clf__n_estimators': 150, 'clf__max_depth': 5, 'clf__learning_rate': 0.01, 'clf__lambda': 1.1, 'clf__alpha': 0.1}",0.9974867825605958,0.9976270738052196,0.9977833983349433,0.998296463458139,0.9977984295397244,0.0003060842810225216,52,0.9390589410860833,0.9433559637589753,0.9433521805696615,0.9413493571160215,0.9417791106326854,0.0017709478574943036,56
716.4217131733894,35.04907218259108,7.437799453735352,1.9611400484343047,3,0.95,150,5,0.01,1.1,0.1,"{'smote__k_neighbors': 3, 'pca__n_components': 0.95, 'clf__n_estimators': 150, 'clf__max_depth': 5, 'clf__learning_rate': 0.01, 'clf__lambda': 1.1, 'clf__alpha': 0.1}",0.9940155763364745,0.993221928724031,0.9930455625879325,0.992756963456135,0.9932600077761432,0.00046673712896291587,109,0.8168850402664756,0.8230716493187961,0.8246621743072726,0.8242321057630422,0.8222127424138966,0.0031304822383731354,169
689.9667075872421,27.373787171195787,5.619761765003204,0.02242475333819914,9,0.95,150,5,0.01,1.1,0.1,"{'smote__k_neighbors': 9, 'pca__n_components': 0.95, 'clf__n_estimators': 150, 'clf__max_depth': 5, 'clf__learning_rate': 0.01, 'clf__lambda': 1.1, 'clf__alpha': 0.1}",0.9939995430513746,0.9939795014449998,0.9931537872623567,0.9930295293028327,0.9935405902653909,0.0004511320632461882,99,0.8171054938073905,0.8215866313884599,0.8247460084667173,0.8242060585010577,0.8219110480409063,0.0030208720298849473,175
803.3362379074097,5.739550338040171,23.750088036060333,1.4112547543556369,3,,70,8,0.01,1.1,0.1,"{'smote__k_neighbors': 3, 'pca__n_components': None, 'clf__n_estimators': 70, 'clf__max_depth': 8, 'clf__learning_rate': 0.01, 'clf__lambda': 1.1, 'clf__alpha': 0.1}",0.9991823024599068,0.9991342026046072,0.9992624688854062,0.9989217615770339,0.9991251838817385,0.00012606712063172184,37,0.9682487646212061,0.9618182112839857,0.9623828469117292,0.9646749333624425,0.9642811890448408,0.002528173888730161,32
761.6276858448982,21.4940640482672,16.694306552410126,3.9862823257987388,9,,70,8,0.01,1.1,0.1,"{'smote__k_neighbors': 9, 'pca__n_components': None, 'clf__n_estimators': 70, 'clf__max_depth': 8, 'clf__learning_rate': 0.01, 'clf__lambda': 1.1, 'clf__alpha': 0.1}",0.9993987518087549,0.9994829265555293,0.9992584605641311,0.9993346186683555,0.9993686893991927,8.256071574205991e-05,14,0.9679614695966668,0.9603581508275921,0.9625008590448348,0.9611996345116606,0.9630050284951887,0.0029616677755140365,37
673.9895364642143,18.442537875879587,5.638650357723236,0.191743389015984,3,0.95,70,8,0.01,1.1,0.1,"{'smote__k_neighbors': 3, 'pca__n_components': 0.95, 'clf__n_estimators': 70, 'clf__max_depth': 8, 'clf__learning_rate': 0.01, 'clf__lambda': 1.1, 'clf__alpha': 0.1}",0.9854698353782453,0.983209142179164,0.9835217912386114,0.984411638561654,0.9841531018394187,0.0008789541176726513,173,0.8640861049488414,0.8675740945881134,0.8653860396941223,0.8669982737134929,0.8660111282361425,0.0013705628727700742,121
681.6235037446022,16.598233560172076,5.614969193935394,0.14520305177028073,9,0.95,70,8,0.01,1.1,0.1,"{'smote__k_neighbors': 9, 'pca__n_components': 0.95, 'clf__n_estimators': 70, 'clf__max_depth': 8, 'clf__learning_rate': 0.01, 'clf__lambda': 1.1, 'clf__alpha': 0.1}",0.9854257438442205,0.9817420965925261,0.9812049815416806,0.9838785318320834,0.9830628384526278,0.0016914985176970372,178,0.8637050309162451,0.8679237527179536,0.8682186819243589,0.866193609493515,0.8665102687630182,0.0017948708094618385,106
784.7942289113998,10.362567742694644,17.82731068134308,4.11749221376679,3,,102,8,0.01,1.1,0.1,"{'smote__k_neighbors': 3, 'pca__n_components': None, 'clf__n_estimators': 102, 'clf__max_depth': 8, 'clf__learning_rate': 0.01, 'clf__lambda': 1.1, 'clf__alpha': 0.1}",0.9992424272790312,0.9994548683066045,0.9993827185236551,0.999266477206681,0.999336622828993,8.645810546744182e-05,27,0.9737025475657046,0.9706687490949067,0.9715888765315578,0.971710637607881,0.9719177027000125,0.0011064084805954605,20
800.1821559667587,29.47772832204514,15.836495518684387,1.8057315223840094,9,,102,8,0.01,1.1,0.1,"{'smote__k_neighbors': 9, 'pca__n_components': None, 'clf__n_estimators': 102, 'clf__max_depth': 8, 'clf__learning_rate': 0.01, 'clf__lambda': 1.1, 'clf__alpha': 0.1}",0.9992865188130559,0.9995751179448535,0.9992544522428561,0.9993266020258056,0.9993606727566428,0.00012642108046635243,19,0.9737827861648731,0.9694804634379031,0.9716792497690607,0.9711740348170914,0.9715291335472321,0.0015349779579901248,21
681.2522920370102,12.753823253722855,6.105269134044647,0.6674823579622157,3,0.95,102,8,0.01,1.1,0.1,"{'smote__k_neighbors': 3, 'pca__n_components': 0.95, 'clf__n_estimators': 102, 'clf__max_depth': 8, 'clf__learning_rate': 0.01, 'clf__lambda': 1.1, 'clf__alpha': 0.1}",0.9858225676504423,0.9846120546254024,0.9844156468829289,0.9844356884893037,0.9848214894120193,0.0005830032331977276,159,0.8635577128346873,0.8669648289872505,0.8659221028685545,0.866555688299921,0.8657500832476033,0.0013191555527810662,135
670.8490629196167,10.026103356605338,5.574368715286255,0.08420145531381969,9,0.95,102,8,0.01,1.1,0.1,"{'smote__k_neighbors': 9, 'pca__n_components': 0.95, 'clf__n_estimators': 102, 'clf__max_depth': 8, 'clf__learning_rate': 0.01, 'clf__lambda': 1.1, 'clf__alpha': 0.1}",0.9856341765505189,0.9818382963031252,0.9847202792998264,0.9850529699656487,0.9843114305297798,0.0014648453834917809,165,0.8637444886879354,0.8680346377536773,0.8653010303207055,0.8669094110849208,0.8659973919618098,0.0016234717424425194,125
932.9366542100906,2.664875765376882,21.872214555740356,2.4488329125086286,3,,150,8,0.01,1.1,0.1,"{'smote__k_neighbors': 3, 'pca__n_components': None, 'clf__n_estimators': 150, 'clf__max_depth': 8, 'clf__learning_rate': 0.01, 'clf__lambda': 1.1, 'clf__alpha': 0.1}",0.9994829265555293,0.9995630929810286,0.9994228017364047,0.999514993125729,0.999495953599673,5.0968370240754624e-05,7,0.9765175552441725,0.9766769671832591,0.9750673216728468,0.9762552608397769,0.9761292762350139,0.00063133698935032,5
824.5979978442192,29.03020073447306,17.87400448322296,4.713104963145529,9,,150,8,0.01,1.1,0.1,"{'smote__k_neighbors': 9, 'pca__n_components': None, 'clf__n_estimators': 150, 'clf__max_depth': 8, 'clf__learning_rate': 0.01, 'clf__lambda': 1.1, 'clf__alpha': 0.1}",0.9994147850938548,0.9995630929810286,0.9993987518087549,0.9996152011576032,0.9994979577603105,9.320424407734355e-05,5,0.9781824915396934,0.9767412347802791,0.9775370853335131,0.9762140190259664,0.977168707669863,0.0007512694782697812,2
764.0899296998978,13.599697244578604,5.978963077068329,0.5286232764900649,3,0.95,150,8,0.01,1.1,0.1,"{'smote__k_neighbors': 3, 'pca__n_components': 0.95, 'clf__n_estimators': 150, 'clf__max_depth': 8, 'clf__learning_rate': 0.01, 'clf__lambda': 1.1, 'clf__alpha': 0.1}",0.985858642541917,0.9846240795892273,0.9853175191697965,0.9853095025272466,0.9852774359570469,0.0004379813256679884,149,0.8635347368805412,0.870310008857396,0.8622373315112392,0.862925273709944,0.86475183773978,0.003241669261457806,144
718.1676617860794,42.02882965770312,5.632510781288147,0.10167283930606537,9,0.95,150,8,0.01,1.1,0.1,"{'smote__k_neighbors': 9, 'pca__n_components': 0.95, 'clf__n_estimators': 150, 'clf__max_depth': 8, 'clf__learning_rate': 0.01, 'clf__lambda': 1.1, 'clf__alpha': 0.1}",0.9856301682292439,0.98427936395958,0.9856542181568937,0.985622151586694,0.985296475483103,0.000587348160210649,147,0.8638059085425787,0.8697489349463683,0.861584840714966,0.8643508949536705,0.8648726447893957,0.0029999171004453182,137
747.5194011926651,8.710191896011144,14.682501137256622,1.1572412182103942,3,,70,5,0.007,1.0,0.1,"{'smote__k_neighbors': 3, 'pca__n_components': None, 'clf__n_estimators': 70, 'clf__max_depth': 5, 'clf__learning_rate': 0.007, 'clf__lambda': 1, 'clf__alpha': 0.1}",0.9941438426172735,0.994676949346844,0.9947771573787182,0.9954545636741876,0.9947631282542557,0.00046616018183793476,90,0.9292041034540377,0.928120958337354,0.9338770017858876,0.9285478734183462,0.9299374842489063,0.002306969357307133,94
786.969446003437,4.5446295782807855,20.74244648218155,1.9617286338915334,9,,70,5,0.007,1.0,0.1,"{'smote__k_neighbors': 9, 'pca__n_components': None, 'clf__n_estimators': 70, 'clf__max_depth': 5, 'clf__learning_rate': 0.007, 'clf__lambda': 1, 'clf__alpha': 0.1}",0.9954305137465378,0.9936067275664279,0.9948653404467674,0.9949535235148168,0.9947140263186376,0.000674484920760585,94,0.928901922206554,0.93365514051569,0.9294849709545309,0.9283193075546228,0.9300903353078495,0.0020989978068202964,89
645.1775522232056,4.308163201091065,5.995811104774475,0.8562224628374114,3,0.95,70,5,0.007,1.0,0.1,"{'smote__k_neighbors': 3, 'pca__n_components': 0.95, 'clf__n_estimators': 70, 'clf__max_depth': 5, 'clf__learning_rate': 0.007, 'clf__lambda': 1, 'clf__alpha': 0.1}",0.9866562984756354,0.992993454411358,0.986347657737463,0.9897346892148099,0.9889330249598166,0.0026924598449592084,137,0.8382707413706322,0.8230682234992053,0.8307557370507437,0.8306074750636109,0.830675544246048,0.005375160755878797,145
660.1132317781448,17.218475138759466,5.571477949619293,0.1045078233753549,9,0.95,70,5,0.007,1.0,0.1,"{'smote__k_neighbors': 9, 'pca__n_components': 0.95, 'clf__n_estimators': 70, 'clf__max_depth': 5, 'clf__learning_rate': 0.007, 'clf__lambda': 1, 'clf__alpha': 0.1}",0.9866603067969104,0.9938672684493007,0.9864719156969869,0.9867765481138844,0.9884440097642706,0.003133006320064191,142,0.8383289615200968,0.8216250714093523,0.8308581498749186,0.8304592350310753,0.8303178544588607,0.005917225301930409,150
791.8482328653336,14.241258250554951,18.241607785224915,4.349167076200461,3,,102,5,0.007,1.0,0.1,"{'smote__k_neighbors': 3, 'pca__n_components': None, 'clf__n_estimators': 102, 'clf__max_depth': 5, 'clf__learning_rate': 0.007, 'clf__lambda': 1, 'clf__alpha': 0.1}",0.9965969352375531,0.9954946468869372,0.9966811099843275,0.9966811099843275,0.9963634505232863,0.0005027797571271999,73,0.9305445043186529,0.9363736310139621,0.9405648843873787,0.9370692039775121,0.9361380559243764,0.0035988596154348526,75
764.6276131272316,2.2393769110003516,17.30464541912079,2.478313041079164,9,,102,5,0.007,1.0,0.1,"{'smote__k_neighbors': 9, 'pca__n_components': None, 'clf__n_estimators': 102, 'clf__max_depth': 5, 'clf__learning_rate': 0.007, 'clf__lambda': 1, 'clf__alpha': 0.1}",0.9969616924735751,0.9946168245277196,0.9953984471763381,0.9966450350928527,0.9959054998176213,0.0009460763359314586,86,0.9324030907784977,0.9394540567144967,0.9353514352327899,0.9355052075769285,0.9356784475756782,0.002505999585371781,79
679.1040418744087,21.305881027549137,5.696366488933563,0.21559093679823516,3,0.95,102,5,0.007,1.0,0.1,"{'smote__k_neighbors': 3, 'pca__n_components': 0.95, 'clf__n_estimators': 102, 'clf__max_depth': 5, 'clf__learning_rate': 0.007, 'clf__lambda': 1, 'clf__alpha': 0.1}",0.9864879489820868,0.992993454411358,0.9930134960177328,0.9898789887807088,0.9905934720479717,0.0026917576665858693,129,0.8381625335796293,0.8230687704120111,0.8245828457158225,0.830633573531232,0.8291119308096737,0.0059426678867917256,153
666.8519042134285,24.616796279315967,6.385901510715485,1.3950628703610997,9,0.95,102,5,0.007,1.0,0.1,"{'smote__k_neighbors': 9, 'pca__n_components': 0.95, 'clf__n_estimators': 102, 'clf__max_depth': 5, 'clf__learning_rate': 0.007, 'clf__lambda': 1, 'clf__alpha': 0.1}",0.9864919573033618,0.9939113599833254,0.9929573795198833,0.9927689884199599,0.9915324213066325,0.0029421603767897484,121,0.8382207490722424,0.8216511755057408,0.8246987494556917,0.8241790055425112,0.8271874198940465,0.006473569188298291,164
814.0968946218491,19.972201326472938,27.11652970314026,1.0028596166561048,3,,150,5,0.007,1.0,0.1,"{'smote__k_neighbors': 3, 'pca__n_components': None, 'clf__n_estimators': 150, 'clf__max_depth': 5, 'clf__learning_rate': 0.007, 'clf__lambda': 1, 'clf__alpha': 0.1}",0.9971741335011484,0.9960638285079826,0.9969657007948501,0.9980840224305658,0.9970719213086368,0.0007180407205702132,57,0.9360476316613288,0.9406420314618582,0.9417482492063877,0.9396460180998548,0.9395209826073573,0.00213876528083352,60
882.4879166483879,5.14148694318022,24.84845209121704,1.3452185035838053,9,,150,5,0.007,1.0,0.1,"{'smote__k_neighbors': 9, 'pca__n_components': None, 'clf__n_estimators': 150, 'clf__max_depth': 5, 'clf__learning_rate': 0.007, 'clf__lambda': 1, 'clf__alpha': 0.1}",0.9971621085373235,0.9949936067275664,0.9964085441376297,0.997342482994697,0.9964766855993041,0.0009251453848485073,66,0.9369275384151853,0.9396534102523337,0.9389870868264174,0.9381640763447429,0.9384330279596699,0.0010167531543832718,70
684.4316902160645,37.398238061322054,7.530836641788483,3.3849017716831993,3,0.95,150,5,0.007,1.0,0.1,"{'smote__k_neighbors': 3, 'pca__n_components': 0.95, 'clf__n_estimators': 150, 'clf__max_depth': 5, 'clf__learning_rate': 0.007, 'clf__lambda': 1, 'clf__alpha': 0.1}",0.9940436345853992,0.9929653961624332,0.993225937045306,0.9927008469582854,0.9932339536878559,0.0005029844311653358,117,0.8156018572418026,0.8230504357024864,0.824658243620481,0.8242754889372151,0.8218965063754963,0.003682421460374177,177
682.6543321609497,22.585535317079607,6.388795614242554,1.2129563779779113,9,0.95,150,5,0.007,1.0,0.1,"{'smote__k_neighbors': 9, 'pca__n_components': 0.95, 'clf__n_estimators': 150, 'clf__max_depth': 5, 'clf__learning_rate': 0.007, 'clf__lambda': 1, 'clf__alpha': 0.1}",0.9939995430513746,0.9938833017344006,0.9933862698963047,0.9927890300263347,0.9935145361771036,0.0004780248732891041,101,0.8157024967369795,0.8216334253420504,0.8246256042505165,0.8241813823294916,0.8215357271647594,0.003556084708397144,185
760.4014818668365,11.038447027350925,15.423952281475067,1.8136541865014253,3,,70,8,0.007,1.0,0.1,"{'smote__k_neighbors': 3, 'pca__n_components': None, 'clf__n_estimators': 70, 'clf__max_depth': 8, 'clf__learning_rate': 0.007, 'clf__lambda': 1, 'clf__alpha': 0.1}",0.9988496117940845,0.9988656450791844,0.9991502358897071,0.9981281139645904,0.9987484016818916,0.00037756359855798766,42,0.9656833149001702,0.9598700236194632,0.95990465224641,0.9612265333017317,0.9616711310169438,0.002380111433588768,43
756.5642053484917,11.811579081066984,13.658222138881683,0.09263409532387408,9,,70,8,0.007,1.0,0.1,"{'smote__k_neighbors': 9, 'pca__n_components': None, 'clf__n_estimators': 70, 'clf__max_depth': 8, 'clf__learning_rate': 0.007, 'clf__lambda': 1, 'clf__alpha': 0.1}",0.9992905271343309,0.9990660611429327,0.9990420112152829,0.9974947992031458,0.9987233496739232,0.0007158950446424316,46,0.9658416014194893,0.957515548947973,0.961693839328502,0.9564873144051934,0.9603845760252895,0.0037051741206024853,45
659.3076106309891,11.574716884790725,5.709295034408569,0.23913767168487635,3,0.95,70,8,0.007,1.0,0.1,"{'smote__k_neighbors': 3, 'pca__n_components': 0.95, 'clf__n_estimators': 70, 'clf__max_depth': 8, 'clf__learning_rate': 0.007, 'clf__lambda': 1, 'clf__alpha': 0.1}",0.9840909728596566,0.9797659942039675,0.9786637058533516,0.9833213751748631,0.9814605120229596,0.002295411252518167,189,0.8632684735698046,0.8687201328919713,0.868578722350646,0.8664595527412927,0.8667567203884285,0.002204022135071263,97
651.0400894880295,7.653072664688526,5.602653682231903,0.12883115472848297,9,0.95,70,8,0.007,1.0,0.1,"{'smote__k_neighbors': 9, 'pca__n_components': 0.95, 'clf__n_estimators': 70, 'clf__max_depth': 8, 'clf__learning_rate': 0.007, 'clf__lambda': 1, 'clf__alpha': 0.1}",0.9837262156236347,0.9817420965925261,0.9782668820471299,0.9827521935538177,0.9816218469542772,0.0020601153144518066,185,0.8634148194899744,0.8679292888129447,0.8689901073014553,0.8643796391420016,0.866178463686594,0.0023368904246770217,114
776.3134899139404,19.506956749436434,19.484140515327454,4.742203497750019,3,,102,8,0.007,1.0,0.1,"{'smote__k_neighbors': 3, 'pca__n_components': None, 'clf__n_estimators': 102, 'clf__max_depth': 8, 'clf__learning_rate': 0.007, 'clf__lambda': 1, 'clf__alpha': 0.1}",0.9991622608535319,0.9993105687407057,0.9993105687407057,0.9989257698983088,0.9991772920583131,0.00015733299259018105,35,0.968677088466124,0.9623905334763163,0.9626632954717459,0.9649753889902516,0.9646765766011094,0.00251856497336739,25
788.3099319934845,11.342367831081832,16.491788864135742,2.958419793468194,9,,102,8,0.007,1.0,0.1,"{'smote__k_neighbors': 9, 'pca__n_components': None, 'clf__n_estimators': 102, 'clf__max_depth': 8, 'clf__learning_rate': 0.007, 'clf__lambda': 1, 'clf__alpha': 0.1}",0.9993747018811052,0.9994869348768043,0.9992263939939314,0.9993506519534554,0.9993596706763241,9.2555558008168e-05,20,0.9679697424286189,0.9607223959862438,0.9632755262913846,0.9620726087583996,0.9635100683661617,0.0027286035874554498,34
671.9420691132545,24.358890732467263,5.661839783191681,0.3210006704220939,3,0.95,102,8,0.007,1.0,0.1,"{'smote__k_neighbors': 3, 'pca__n_components': 0.95, 'clf__n_estimators': 102, 'clf__max_depth': 8, 'clf__learning_rate': 0.007, 'clf__lambda': 1, 'clf__alpha': 0.1}",0.98549789362717,0.983209142179164,0.9835217912386114,0.984411638561654,0.9841601164016498,0.0008894833173947394,170,0.8640888412789456,0.8675747082936905,0.8653860396941223,0.8672425872355812,0.8660730441255848,0.0014170270273863076,118
676.7944322824478,25.219414550987867,5.768531560897827,0.22415968191401595,9,0.95,102,8,0.007,1.0,0.1,"{'smote__k_neighbors': 9, 'pca__n_components': 0.95, 'clf__n_estimators': 102, 'clf__max_depth': 8, 'clf__learning_rate': 0.007, 'clf__lambda': 1, 'clf__alpha': 0.1}",0.9850409450018238,0.9817420965925261,0.9812049815416806,0.9839065900810082,0.9829736533042597,0.0015643687009612175,183,0.8642634827410364,0.8679237527179536,0.8682192977976019,0.866193858099558,0.8666500978390375,0.0015802429865714172,103
811.2977590560913,33.962840413129186,23.56167048215866,3.2918951286094047,3,,150,8,0.007,1.0,0.1,"{'smote__k_neighbors': 3, 'pca__n_components': None, 'clf__n_estimators': 150, 'clf__max_depth': 8, 'clf__learning_rate': 0.007, 'clf__lambda': 1, 'clf__alpha': 0.1}",0.9992544522428561,0.9994628849491545,0.9993346186683555,0.999278502170506,0.999332614507718,8.064100888939835e-05,28,0.9729807999288106,0.9713412890654521,0.9724288352072167,0.9720747024519736,0.9722064066633632,0.0005947549588284692,15
829.2844696640968,38.13086046261176,20.10582011938095,4.695531273475952,9,,150,8,0.007,1.0,0.1,"{'smote__k_neighbors': 9, 'pca__n_components': None, 'clf__n_estimators': 150, 'clf__max_depth': 8, 'clf__learning_rate': 0.007, 'clf__lambda': 1, 'clf__alpha': 0.1}",0.9993466436321804,0.9995751179448535,0.9992464356003062,0.9993546602747303,0.9993807143630177,0.00012006578297146274,9,0.9735782215380723,0.9705830153518502,0.9734106565103204,0.9711362356279082,0.9721770322570379,0.0013331642543967014,16
667.2087795138359,5.548153988856288,5.6098010540008545,0.12610461199495387,3,0.95,150,8,0.007,1.0,0.1,"{'smote__k_neighbors': 3, 'pca__n_components': 0.95, 'clf__n_estimators': 150, 'clf__max_depth': 8, 'clf__learning_rate': 0.007, 'clf__lambda': 1, 'clf__alpha': 0.1}",0.9858225676504423,0.9846120546254024,0.9844156468829289,0.9844477134531286,0.9848244956529755,0.0005810337867141885,154,0.8635577128346873,0.8675079867014269,0.8659221028685545,0.866559546794025,0.8658868372996735,0.001458314770577836,130
695.1832336187363,18.312910470804553,5.582418859004974,0.15023486614817494,9,0.95,150,8,0.007,1.0,0.1,"{'smote__k_neighbors': 9, 'pca__n_components': 0.95, 'clf__n_estimators': 150, 'clf__max_depth': 8, 'clf__learning_rate': 0.007, 'clf__lambda': 1, 'clf__alpha': 0.1}",0.9856341765505189,0.9832692669982884,0.9847202792998264,0.9850529699656487,0.9846691732035706,0.0008719060486751257,161,0.8637444886879354,0.8688065212817877,0.8653010303207055,0.8669094110849208,0.8661903628438374,0.0018797957381503695,109
765.7130660414696,8.91470144850807,19.43547487258911,3.437682734548676,3,,70,5,0.01,1.0,0.1,"{'smote__k_neighbors': 3, 'pca__n_components': None, 'clf__n_estimators': 70, 'clf__max_depth': 5, 'clf__learning_rate': 0.01, 'clf__lambda': 1, 'clf__alpha': 0.1}",0.9965488353822536,0.9954585719954626,0.9967131765545272,0.9966730933417776,0.9963484193185053,0.0005173141984212076,80,0.9310508569023291,0.9355312624782455,0.9386380931673642,0.9349834700550798,0.9350509206507546,0.002697387370655226,85
747.7027831673622,8.244716097185977,17.54946380853653,4.312497087735361,9,,70,5,0.01,1.0,0.1,"{'smote__k_neighbors': 9, 'pca__n_components': None, 'clf__n_estimators': 70, 'clf__max_depth': 5, 'clf__learning_rate': 0.01, 'clf__lambda': 1, 'clf__alpha': 0.1}",0.996969709116125,0.994564716351145,0.9954184887827129,0.9967171848758022,0.9959175247814462,0.0009779667322786121,81,0.9321876360943353,0.9394268899659932,0.9353589940798538,0.9346024119208395,0.9353939830152554,0.0026063771826866566,81
671.1384673118591,7.248001018518791,6.520056247711182,1.685583842616825,3,0.95,70,5,0.01,1.0,0.1,"{'smote__k_neighbors': 3, 'pca__n_components': 0.95, 'clf__n_estimators': 70, 'clf__max_depth': 5, 'clf__learning_rate': 0.01, 'clf__lambda': 1, 'clf__alpha': 0.1}",0.9864879489820868,0.992993454411358,0.9930134960177328,0.9898789887807088,0.9905934720479717,0.0026917576665858693,129,0.8381625335796293,0.8230687704120111,0.8245828457158225,0.830633573531232,0.8291119308096737,0.0059426678867917256,153
666.2742737531662,9.034515683877332,5.554083943367004,0.055014149235633025,9,0.95,70,5,0.01,1.0,0.1,"{'smote__k_neighbors': 9, 'pca__n_components': 0.95, 'clf__n_estimators': 70, 'clf__max_depth': 5, 'clf__learning_rate': 0.01, 'clf__lambda': 1, 'clf__alpha': 0.1}",0.9864919573033618,0.9939113599833254,0.9929573795198833,0.9927689884199599,0.9915324213066325,0.0029421603767897484,121,0.8382207490722424,0.8216517200336133,0.8246987494556917,0.8241790055425112,0.8271875560260147,0.006473452770476637,161
753.4596116542816,9.490592750854754,20.13543063402176,3.7180863945709204,3,,102,5,0.01,1.0,0.1,"{'smote__k_neighbors': 3, 'pca__n_components': None, 'clf__n_estimators': 102, 'clf__max_depth': 5, 'clf__learning_rate': 0.01, 'clf__lambda': 1, 'clf__alpha': 0.1}",0.9971581002160486,0.9958794457293341,0.9969456591884752,0.9979717894348668,0.9969887486421811,0.0007462336780672329,64,0.9353245054027838,0.940131968793066,0.9416458879303622,0.9391207589159422,0.9390557802605385,0.0023341740396012607,62
768.0465630292892,12.931433395088613,16.96867722272873,2.6952267814916606,9,,102,5,0.01,1.0,0.1,"{'smote__k_neighbors': 9, 'pca__n_components': None, 'clf__n_estimators': 102, 'clf__max_depth': 5, 'clf__learning_rate': 0.01, 'clf__lambda': 1, 'clf__alpha': 0.1}",0.9971741335011484,0.9949855900850165,0.9965167688120539,0.9971941751075232,0.9964676668764354,0.0008980356225417174,69,0.9373229162898928,0.9395967565496969,0.9386664330811465,0.9384336015064367,0.9385049268567933,0.000809384430397352,66
660.4089626073837,1.4042030617607462,6.150552332401276,0.8101033629342252,3,0.95,102,5,0.01,1.0,0.1,"{'smote__k_neighbors': 3, 'pca__n_components': 0.95, 'clf__n_estimators': 102, 'clf__max_depth': 5, 'clf__learning_rate': 0.01, 'clf__lambda': 1, 'clf__alpha': 0.1}",0.9940436345853992,0.9929653961624332,0.9932940785069805,0.9927008469582854,0.9932509890532746,0.0005035780139650821,113,0.8156018572418026,0.8230504357024864,0.824543587600436,0.824274940257873,0.8218677052006494,0.003661107391267511,183
679.3078204989433,4.73539301483431,6.966520726680756,2.484341771788095,9,0.95,102,5,0.01,1.0,0.1,"{'smote__k_neighbors': 9, 'pca__n_components': 0.95, 'clf__n_estimators': 102, 'clf__max_depth': 5, 'clf__learning_rate': 0.01, 'clf__lambda': 1, 'clf__alpha': 0.1}",0.9939995430513746,0.9938833017344006,0.9933862698963047,0.9927890300263347,0.9935145361771036,0.0004780248732891041,101,0.8157024967369795,0.8216334253420504,0.8246256042505165,0.8241813823294916,0.8215357271647594,0.003556084708397144,185
814.2023354768753,7.513054002894947,21.313131034374237,6.999286727873231,3,,150,5,0.01,1.0,0.1,"{'smote__k_neighbors': 3, 'pca__n_components': None, 'clf__n_estimators': 150, 'clf__max_depth': 5, 'clf__learning_rate': 0.01, 'clf__lambda': 1, 'clf__alpha': 0.1}",0.997226241677723,0.9969536758310252,0.9981040640369407,0.9979838143986917,0.9975669489860951,0.0004884810085284089,54,0.9381106189918484,0.9419144963814905,0.9463141677301274,0.9427114018334896,0.942262671234239,0.0029144787938209025,49
792.8096626400948,13.833342484316068,18.590612292289734,3.870097114446484,9,,150,5,0.01,1.0,0.1,"{'smote__k_neighbors': 9, 'pca__n_components': None, 'clf__n_estimators': 150, 'clf__max_depth': 5, 'clf__learning_rate': 0.01, 'clf__lambda': 1, 'clf__alpha': 0.1}",0.9974907908818708,0.9976310821264947,0.9977833983349433,0.998296463458139,0.9978004337003619,0.000304505482253544,51,0.9390627146197259,0.9433611842633907,0.9433579005769411,0.9413479339224066,0.9417824333456161,0.0017720194097469845,54
701.1854637861252,22.284893934856736,5.918334424495697,0.4397944486818914,3,0.95,150,5,0.01,1.0,0.1,"{'smote__k_neighbors': 3, 'pca__n_components': 0.95, 'clf__n_estimators': 150, 'clf__max_depth': 5, 'clf__learning_rate': 0.01, 'clf__lambda': 1, 'clf__alpha': 0.1}",0.9940155763364745,0.993221928724031,0.9930455625879325,0.992756963456135,0.9932600077761432,0.00046673712896291587,109,0.8168850402664756,0.8230716493187961,0.8246621743072726,0.8242321057630422,0.8222127424138966,0.0031304822383731354,169
705.7468857765198,4.424347082253077,5.719423294067383,0.15523132493043515,9,0.95,150,5,0.01,1.0,0.1,"{'smote__k_neighbors': 9, 'pca__n_components': 0.95, 'clf__n_estimators': 150, 'clf__max_depth': 5, 'clf__learning_rate': 0.01, 'clf__lambda': 1, 'clf__alpha': 0.1}",0.9939995430513746,0.9939795014449998,0.9931537872623567,0.9930295293028327,0.9935405902653909,0.0004511320632461882,99,0.8171054938073905,0.8215866313884599,0.8247460084667173,0.8242060585010577,0.8219110480409063,0.0030208720298849473,175
769.7823104262352,12.665147905456239,21.49048662185669,4.762173931147381,3,,70,8,0.01,1.0,0.1,"{'smote__k_neighbors': 3, 'pca__n_components': None, 'clf__n_estimators': 70, 'clf__max_depth': 8, 'clf__learning_rate': 0.01, 'clf__lambda': 1, 'clf__alpha': 0.1}",0.9991823024599068,0.9991342026046072,0.9992624688854062,0.9989217615770339,0.9991251838817385,0.00012606712063172184,37,0.9682389863820333,0.9618226648505358,0.9624177707773557,0.9646764270291487,0.9642889622597683,0.0025167836611748617,31
781.6374670863152,2.2309667800202733,14.94823533296585,1.197219507443032,9,,70,8,0.01,1.0,0.1,"{'smote__k_neighbors': 9, 'pca__n_components': None, 'clf__n_estimators': 70, 'clf__max_depth': 8, 'clf__learning_rate': 0.01, 'clf__lambda': 1, 'clf__alpha': 0.1}",0.9993987518087549,0.9994789182342543,0.9992584605641311,0.9993386269896305,0.9993686893991927,8.079029814190608e-05,14,0.9675062319366966,0.9600769752633415,0.9632193447530557,0.9612109015063016,0.9630033633648488,0.0028328051543645132,38
665.342175245285,3.737784167464158,5.642022728919983,0.20674747101038504,3,0.95,70,8,0.01,1.0,0.1,"{'smote__k_neighbors': 3, 'pca__n_components': 0.95, 'clf__n_estimators': 70, 'clf__max_depth': 8, 'clf__learning_rate': 0.01, 'clf__lambda': 1, 'clf__alpha': 0.1}",0.9854698353782453,0.983209142179164,0.9835217912386114,0.984411638561654,0.9841531018394187,0.0008789541176726513,173,0.8640861049488414,0.8675740945881134,0.8653860396941223,0.8669982737134929,0.8660111282361425,0.0013705628727700742,121
669.8768314123154,3.4401706263132255,6.649344623088837,1.5472193025387388,9,0.95,70,8,0.01,1.0,0.1,"{'smote__k_neighbors': 9, 'pca__n_components': 0.95, 'clf__n_estimators': 70, 'clf__max_depth': 8, 'clf__learning_rate': 0.01, 'clf__lambda': 1, 'clf__alpha': 0.1}",0.9854257438442205,0.9817420965925261,0.9812049815416806,0.9839065900810082,0.9830698530148589,0.0016949213290193472,177,0.8637050309162451,0.8679237527179536,0.8682192977976019,0.866193858099558,0.8665104848828397,0.001795006408762831,105
826.8351729512215,8.331952460840286,26.265770971775055,0.22403852954768086,3,,102,8,0.01,1.0,0.1,"{'smote__k_neighbors': 3, 'pca__n_components': None, 'clf__n_estimators': 102, 'clf__max_depth': 8, 'clf__learning_rate': 0.01, 'clf__lambda': 1, 'clf__alpha': 0.1}",0.9992384189577563,0.9994628849491545,0.9993346186683555,0.999266477206681,0.9993255999454869,8.663794269800015e-05,32,0.973714615152062,0.9706750233572096,0.9720830490301199,0.9718136691191548,0.9720715891646365,0.001085884953414482,17
778.1261293888092,2.0772736374492937,19.897240579128265,3.914148745254433,9,,102,8,0.01,1.0,0.1,"{'smote__k_neighbors': 9, 'pca__n_components': None, 'clf__n_estimators': 102, 'clf__max_depth': 8, 'clf__learning_rate': 0.01, 'clf__lambda': 1, 'clf__alpha': 0.1}",0.9993346186683555,0.9995751179448535,0.9992544522428561,0.9993426353109054,0.9993767060417427,0.0001196300927198968,13,0.9736014839402519,0.9695234318505214,0.9716792497690607,0.9711850766338598,0.9714973105484235,0.0014538169309029605,22
685.223305284977,17.19080314745018,6.59108293056488,1.7547807667004853,3,0.95,102,8,0.01,1.0,0.1,"{'smote__k_neighbors': 3, 'pca__n_components': 0.95, 'clf__n_estimators': 102, 'clf__max_depth': 8, 'clf__learning_rate': 0.01, 'clf__lambda': 1, 'clf__alpha': 0.1}",0.9858225676504423,0.9846120546254024,0.9844156468829289,0.9844356884893037,0.9848214894120193,0.0005830032331977276,159,0.8635577128346873,0.8669648289872505,0.8659221028685545,0.866555688299921,0.8657500832476033,0.0013191555527810662,135
685.8062978386879,14.490547920332142,5.603057384490967,0.056539599030185995,9,0.95,102,8,0.01,1.0,0.1,"{'smote__k_neighbors': 9, 'pca__n_components': 0.95, 'clf__n_estimators': 102, 'clf__max_depth': 8, 'clf__learning_rate': 0.01, 'clf__lambda': 1, 'clf__alpha': 0.1}",0.9856341765505189,0.9818382963031252,0.9847202792998264,0.9850529699656487,0.9843114305297798,0.0014648453834917809,165,0.8637444886879354,0.8680346377536773,0.8653010303207055,0.8669094110849208,0.8659973919618098,0.0016234717424425194,125
795.213062286377,20.68485177009927,21.04608428478241,3.22479658247459,3,,150,8,0.01,1.0,0.1,"{'smote__k_neighbors': 3, 'pca__n_components': None, 'clf__n_estimators': 150, 'clf__max_depth': 8, 'clf__learning_rate': 0.01, 'clf__lambda': 1, 'clf__alpha': 0.1}",0.9994709015917044,0.9995630929810286,0.9994348267002297,0.999514993125729,0.9994959535996728,4.804763526978141e-05,8,0.9765019823833402,0.9766012340863485,0.975130915646913,0.9761123359054014,0.9760866170055008,0.0005812455775372558,7
866.4295706152916,38.01767334093457,18.160803377628326,1.4521105735217588,9,,150,8,0.01,1.0,0.1,"{'smote__k_neighbors': 9, 'pca__n_components': None, 'clf__n_estimators': 150, 'clf__max_depth': 8, 'clf__learning_rate': 0.01, 'clf__lambda': 1, 'clf__alpha': 0.1}",0.9994228017364047,0.9995671013023035,0.9994027601300299,0.9996152011576032,0.9995019660815854,9.106809785904133e-05,3,0.9776434017098575,0.9767734627273966,0.977559402734149,0.9762285404701211,0.977051201910381,0.000583712167689231,4
696.1128289699554,23.310698919900023,5.657148778438568,0.1647520351678812,3,0.95,150,8,0.01,1.0,0.1,"{'smote__k_neighbors': 3, 'pca__n_components': 0.95, 'clf__n_estimators': 150, 'clf__max_depth': 8, 'clf__learning_rate': 0.01, 'clf__lambda': 1, 'clf__alpha': 0.1}",0.985858642541917,0.9846240795892273,0.9853215274910715,0.9852974775634217,0.9852754317964094,0.00043789419395161354,150,0.8635347368805412,0.870310008857396,0.8622347903437168,0.8629523063269524,0.8647579606021516,0.003238375040675017,141
672.7655168175697,9.771014020081642,5.545236229896545,0.18925279144029578,9,0.95,150,8,0.01,1.0,0.1,"{'smote__k_neighbors': 9, 'pca__n_components': 0.95, 'clf__n_estimators': 150, 'clf__max_depth': 8, 'clf__learning_rate': 0.01, 'clf__lambda': 1, 'clf__alpha': 0.1}",0.9856301682292439,0.98427936395958,0.9856542181568937,0.985622151586694,0.985296475483103,0.000587348160210649,147,0.8638059085425787,0.8697489349463683,0.861584840714966,0.8643508949536705,0.8648726447893957,0.0029999171004453182,137
